,00_accX,00_accY,00_accZ,00_gyroX,00_gyroY,00_gyroZ,01_accX,01_accY,01_accZ,01_gyroX,01_gyroY,01_gyroZ,02_accX,02_accY,02_accZ,02_gyroX,02_gyroY,02_gyroZ,03_accX,03_accY,03_accZ,03_gyroX,03_gyroY,03_gyroZ,04_accX,04_accY,04_accZ,04_gyroX,04_gyroY,04_gyroZ,05_accX,05_accY,05_accZ,05_gyroX,05_gyroY,05_gyroZ,06_accX,06_accY,06_accZ,06_gyroX,06_gyroY,06_gyroZ,07_accX,07_accY,07_accZ,07_gyroX,07_gyroY,07_gyroZ,08_accX,08_accY,08_accZ,08_gyroX,08_gyroY,08_gyroZ,09_accX,09_accY,09_accZ,09_gyroX,09_gyroY,09_gyroZ,10_accX,10_accY,10_accZ,10_gyroX,10_gyroY,10_gyroZ,11_accX,11_accY,11_accZ,11_gyroX,11_gyroY,11_gyroZ,12_accX,12_accY,12_accZ,12_gyroX,12_gyroY,12_gyroZ,13_accX,13_accY,13_accZ,13_gyroX,13_gyroY,13_gyroZ,14_accX,14_accY,14_accZ,14_gyroX,14_gyroY,14_gyroZ,15_accX,15_accY,15_accZ,15_gyroX,15_gyroY,15_gyroZ,16_accX,16_accY,16_accZ,16_gyroX,16_gyroY,16_gyroZ,17_accX,17_accY,17_accZ,17_gyroX,17_gyroY,17_gyroZ,18_accX,18_accY,18_accZ,18_gyroX,18_gyroY,18_gyroZ,19_accX,19_accY,19_accZ,19_gyroX,19_gyroY,19_gyroZ,20_accX,20_accY,20_accZ,20_gyroX,20_gyroY,20_gyroZ,21_accX,21_accY,21_accZ,21_gyroX,21_gyroY,21_gyroZ,22_accX,22_accY,22_accZ,22_gyroX,22_gyroY,22_gyroZ,23_accX,23_accY,23_accZ,23_gyroX,23_gyroY,23_gyroZ,24_accX,24_accY,24_accZ,24_gyroX,24_gyroY,24_gyroZ,25_accX,25_accY,25_accZ,25_gyroX,25_gyroY,25_gyroZ,26_accX,26_accY,26_accZ,26_gyroX,26_gyroY,26_gyroZ,27_accX,27_accY,27_accZ,27_gyroX,27_gyroY,27_gyroZ,28_accX,28_accY,28_accZ,28_gyroX,28_gyroY,28_gyroZ,29_accX,29_accY,29_accZ,29_gyroX,29_gyroY,29_gyroZ,30_accX,30_accY,30_accZ,30_gyroX,30_gyroY,30_gyroZ,31_accX,31_accY,31_accZ,31_gyroX,31_gyroY,31_gyroZ,32_accX,32_accY,32_accZ,32_gyroX,32_gyroY,32_gyroZ,33_accX,33_accY,33_accZ,33_gyroX,33_gyroY,33_gyroZ,34_accX,34_accY,34_accZ,34_gyroX,34_gyroY,34_gyroZ,35_accX,35_accY,35_accZ,35_gyroX,35_gyroY,35_gyroZ,36_accX,36_accY,36_accZ,36_gyroX,36_gyroY,36_gyroZ,37_accX,37_accY,37_accZ,37_gyroX,37_gyroY,37_gyroZ,38_accX,38_accY,38_accZ,38_gyroX,38_gyroY,38_gyroZ,39_accX,39_accY,39_accZ,39_gyroX,39_gyroY,39_gyroZ,40_accX,40_accY,40_accZ,40_gyroX,40_gyroY,40_gyroZ,41_accX,41_accY,41_accZ,41_gyroX,41_gyroY,41_gyroZ,42_accX,42_accY,42_accZ,42_gyroX,42_gyroY,42_gyroZ,43_accX,43_accY,43_accZ,43_gyroX,43_gyroY,43_gyroZ,44_accX,44_accY,44_accZ,44_gyroX,44_gyroY,44_gyroZ,45_accX,45_accY,45_accZ,45_gyroX,45_gyroY,45_gyroZ,46_accX,46_accY,46_accZ,46_gyroX,46_gyroY,46_gyroZ,47_accX,47_accY,47_accZ,47_gyroX,47_gyroY,47_gyroZ,48_accX,48_accY,48_accZ,48_gyroX,48_gyroY,48_gyroZ,49_accX,49_accY,49_accZ,49_gyroX,49_gyroY,49_gyroZ,50_accX,50_accY,50_accZ,50_gyroX,50_gyroY,50_gyroZ,51_accX,51_accY,51_accZ,51_gyroX,51_gyroY,51_gyroZ,52_accX,52_accY,52_accZ,52_gyroX,52_gyroY,52_gyroZ,53_accX,53_accY,53_accZ,53_gyroX,53_gyroY,53_gyroZ,54_accX,54_accY,54_accZ,54_gyroX,54_gyroY,54_gyroZ,55_accX,55_accY,55_accZ,55_gyroX,55_gyroY,55_gyroZ,56_accX,56_accY,56_accZ,56_gyroX,56_gyroY,56_gyroZ,57_accX,57_accY,57_accZ,57_gyroX,57_gyroY,57_gyroZ,58_accX,58_accY,58_accZ,58_gyroX,58_gyroY,58_gyroZ,59_accX,59_accY,59_accZ,59_gyroX,59_gyroY,59_gyroZ,60_accX,60_accY,60_accZ,60_gyroX,60_gyroY,60_gyroZ,61_accX,61_accY,61_accZ,61_gyroX,61_gyroY,61_gyroZ,62_accX,62_accY,62_accZ,62_gyroX,62_gyroY,62_gyroZ,63_accX,63_accY,63_accZ,63_gyroX,63_gyroY,63_gyroZ,64_accX,64_accY,64_accZ,64_gyroX,64_gyroY,64_gyroZ,65_accX,65_accY,65_accZ,65_gyroX,65_gyroY,65_gyroZ,66_accX,66_accY,66_accZ,66_gyroX,66_gyroY,66_gyroZ,67_accX,67_accY,67_accZ,67_gyroX,67_gyroY,67_gyroZ,68_accX,68_accY,68_accZ,68_gyroX,68_gyroY,68_gyroZ,69_accX,69_accY,69_accZ,69_gyroX,69_gyroY,69_gyroZ,70_accX,70_accY,70_accZ,70_gyroX,70_gyroY,70_gyroZ,71_accX,71_accY,71_accZ,71_gyroX,71_gyroY,71_gyroZ,72_accX,72_accY,72_accZ,72_gyroX,72_gyroY,72_gyroZ,73_accX,73_accY,73_accZ,73_gyroX,73_gyroY,73_gyroZ,74_accX,74_accY,74_accZ,74_gyroX,74_gyroY,74_gyroZ,75_accX,75_accY,75_accZ,75_gyroX,75_gyroY,75_gyroZ,76_accX,76_accY,76_accZ,76_gyroX,76_gyroY,76_gyroZ,77_accX,77_accY,77_accZ,77_gyroX,77_gyroY,77_gyroZ,78_accX,78_accY,78_accZ,78_gyroX,78_gyroY,78_gyroZ,79_accX,79_accY,79_accZ,79_gyroX,79_gyroY,79_gyroZ,category
accX,0.0,0.0,-0.7340000000000001,0.0,0.0,-0.562,0.0,0.0,-0.746,0.0,0.0,-0.6609999999999999,0.0,0.0,-0.5720000000000001,0.0,0.0,-0.701,-0.825,0.0,0.0,0.0,0.0,-0.629,-0.784,0.0,0.0,0.0,0.0,-0.51,0.0,0.0,0.0,0.0,0.0,0.0,0.0,0.0,0.0,0.0,0.0,0.0,0.0,0.0,0.0,0.0,0.0,0.0,0.0,0.0,0.0,0.0,0.0,0.0,0.0,0.0,0.0,0.0,0.0,0.0,0.0,0.0,0.0,0.0,0.0,0.0,0.0,0.0,0.0,0.0,0.0,0.0,0.0,0.0,0.0,0.0,0.0,0.0,0.0,0.0,0.0,0.0,0.0,0.0,0.0,0.0,0.0,0.0,0.0,0.0,0.0,0.0,0.0,0.0,0.0,0.0,0.0,0.0,0.0,0.0,0.0,0.0,0.0,0.0,0.0,0.0,0.0,0.0,0.0,0.0,0.0,0.0,0.0,0.0,0.0,0.0,0.0,0.0,0.0,0.0,0.0,0.0,0.0,0.0,0.0,0.0,0.0,0.0,0.0,0.0,0.0,0.0,0.0,0.0,0.0,0.0,0.0,0.0,0.0,0.0,0.0,0.0,0.0,0.0,0.0,0.0,0.0,0.0,0.0,0.0,0.0,0.0,0.0,0.0,0.0,0.0,0.0,0.0,0.0,0.0,0.0,0.0,0.0,0.0,0.0,0.0,0.0,0.0,0.0,0.0,0.0,0.0,0.0,0.0,0.0,0.0,0.0,0.0,0.0,0.0,0.0,0.0,0.0,0.0,0.0,0.0,0.0,0.0,-0.544,0.0,0.0,0.0,0.0,0.0,0.0,0.0,0.0,0.0,0.0,0.0,0.0,0.0,0.0,0.0,0.0,0.0,0.0,0.0,0.0,0.0,0.0,0.0,0.0,0.0,0.0,0.0,0.0,0.0,0.0,0.0,0.0,0.0,0.0,0.0,0.0,0.0,0.0,0.0,0.0,0.0,0.0,0.0,0.0,0.0,0.0,0.0,0.0,0.0,0.0,0.0,0.0,0.0,0.0,0.0,0.0,0.0,0.0,0.0,0.0,0.0,0.0,0.0,0.0,0.0,0.0,0.0,0.0,0.0,-0.502,0.0,0.0,0.0,0.0,0.0,-0.551,0.0,0.0,0.0,0.0,0.0,0.0,0.0,0.0,0.0,0.0,0.0,-0.574,0.0,0.0,0.0,0.0,0.0,-0.565,0.0,0.0,0.0,0.0,0.0,0.0,0.0,0.0,0.0,0.0,0.0,0.0,-0.627,-0.58,0.0,0.0,0.0,0.0,0.0,0.0,0.0,0.0,0.0,0.0,0.0,0.0,0.0,0.0,0.0,0.0,0.0,0.0,0.0,0.0,0.0,0.0,0.0,0.0,0.0,0.0,0.0,0.0,0.0,0.0,0.0,0.0,0.0,0.0,0.0,0.0,0.0,0.0,0.0,0.0,0.0,0.0,0.0,0.0,0.0,0.0,0.0,0.0,0.0,0.0,0.0,0.0,0.0,0.0,0.0,0.0,0.0,0.0,0.0,0.0,0.0,0.0,0.0,0.0,0.0,0.0,0.0,0.0,0.0,0.0,0.0,0.0,0.0,0.0,0.0,0.0,0.0,0.0,0.0,0.0,0.0,0.0,0.0,0.0,0.0,0.0,0.0,0.0,0.0,0.0,0.0,0.0,0.0,0.0,0.0,0.0,0.0,0.0,0.0,0.0,0.0,0.0,0.0,0.0,0.0,0.0,0.0,0.0,0.0,0.0,0.0,0.8490000000000001,0.0,0.0,0.0,0.0,0.0,1.239,0.515,0.0,0.0,0.0,0.0,1.72,1.038,0.0,0.0,0.0,-0.621,2.009,0.975,0.0,0.0,0.0,-0.83,1.679,1.225,0.0,0.0,0.0,-1.001,1.575,0.8959999999999999,-1.079,0.0,0.0,-1.1840000000000002,1.3359999999999999,0.6679999999999999,-1.3159999999999998,0.0,0.0,-1.3780000000000001,0.522,1.122,-1.308,0.0,0.0,-1.493,0.0,1.368,-1.168,0.0,0.0,-1.3969999999999998,-0.983,1.415,-0.863,0.0,0.0,-1.406,-1.3880000000000001,1.422,-2.546,0.0,0.0,-1.44,-2.867,1.3359999999999999,-3.6719999999999997,0.0,-0.966,-1.469,rotateRight
accX,0.0,-2.182,-0.62,0.0,0.0,0.0,0.878,-1.486,0.0,-0.508,0.0,0.0,0.0,-0.865,0.762,0.0,0.0,-0.505,0.0,-0.72,0.0,0.0,0.0,0.0,0.0,0.0,0.0,0.0,0.0,0.0,0.0,0.0,0.0,0.0,0.0,0.0,0.0,-0.5670000000000001,0.0,0.0,0.0,0.0,0.0,0.0,0.0,0.0,0.0,0.0,0.0,0.0,0.0,0.0,0.0,0.0,0.0,0.0,0.0,0.0,0.0,0.0,0.0,0.0,0.0,0.0,0.0,0.0,0.0,0.0,0.0,0.0,0.0,0.0,0.0,0.0,0.0,0.0,0.0,0.0,0.0,0.0,0.0,0.0,0.0,0.0,0.0,0.0,0.0,0.0,0.0,0.0,0.0,0.0,0.0,0.0,0.0,0.0,0.703,0.0,0.0,0.0,0.0,0.0,1.29,0.0,0.0,0.0,0.0,0.0,1.7180000000000002,0.0,-0.535,0.0,0.0,0.0,1.804,0.0,-0.672,0.0,0.0,-0.56,1.449,0.6970000000000001,-0.8320000000000001,0.0,0.0,-0.5820000000000001,1.944,0.512,-0.736,0.0,0.0,-0.674,,,,,,,,,,,,,,,,,,,,,,,,,,,,,,,,,,,,,,,,,,,,,,,,,,,,,,,,,,,,,,,,,,,,,,,,,,,,,,,,,,,,,,,,,,,,,,,,,,,,,,,,,,,,,,,,,,,,,,,,,,,,,,,,,,,,,,,,,,,,,,,,,,,,,,,,,,,,,,,,,,,,,,,,,,,,,,,,,,,,,,,,,,,,,,,,,,,,,,,,,,,,,,,,,,,,,,,,,,,,,,,,,,,,,,,,,,,,,,,,,,,,,,,,,,,,,,,,,,,,,,,,,,,,,,,,,,,,,,,,,,,,,,,,,,,,,,,,,,,,,,,,,,,,,,,,,,,,,,,,,,,,,,,,,,,,,,,,,,,,,,,,,,,,,rotateRight
accX,0.0,-0.7490000000000001,0.0,0.0,0.0,0.0,0.0,-0.7709999999999999,0.0,0.0,0.0,0.0,0.0,-0.685,0.0,0.0,0.0,0.0,0.857,-0.973,0.0,0.0,-0.53,0.0,0.584,-0.5329999999999999,0.0,0.0,-0.64,0.0,0.0,0.0,0.0,0.0,-0.5329999999999999,0.0,0.0,-0.583,0.0,0.0,0.0,0.0,0.0,0.0,0.531,0.0,0.0,0.0,0.0,0.0,0.742,0.0,0.0,0.0,0.807,0.0,0.6759999999999999,0.0,0.0,-0.597,0.8640000000000001,0.0,0.505,0.569,0.0,-0.731,0.752,0.0,0.0,0.62,0.0,-0.807,0.0,0.0,-0.706,0.551,0.0,-0.8440000000000001,1.001,0.7659999999999999,-0.619,0.857,0.0,-0.7340000000000001,1.217,0.0,-0.815,1.068,0.0,-0.7190000000000001,,,,,,,,,,,,,,,,,,,,,,,,,,,,,,,,,,,,,,,,,,,,,,,,,,,,,,,,,,,,,,,,,,,,,,,,,,,,,,,,,,,,,,,,,,,,,,,,,,,,,,,,,,,,,,,,,,,,,,,,,,,,,,,,,,,,,,,,,,,,,,,,,,,,,,,,,,,,,,,,,,,,,,,,,,,,,,,,,,,,,,,,,,,,,,,,,,,,,,,,,,,,,,,,,,,,,,,,,,,,,,,,,,,,,,,,,,,,,,,,,,,,,,,,,,,,,,,,,,,,,,,,,,,,,,,,,,,,,,,,,,,,,,,,,,,,,,,,,,,,,,,,,,,,,,,,,,,,,,,,,,,,,,,,,,,,,,,,,,,,,,,,,,,,,,,,,,,,,,,,,,,,,,,,,,,,,,,,,,,,,,,,,,,,,,,rotateRight
accX,0.0,-1.035,0.0,0.0,0.0,0.0,0.0,-1.036,0.0,0.0,0.0,0.0,0.623,-1.04,0.0,-0.502,0.0,-0.555,0.5870000000000001,-0.601,0.0,-0.648,0.0,-0.632,0.0,0.0,0.0,-0.529,-0.6859999999999999,-0.609,0.0,0.0,0.0,0.0,-0.648,-0.545,0.0,0.0,0.0,0.0,0.0,0.0,0.0,0.0,0.0,0.0,0.0,0.0,1.08,0.0,0.0,0.0,0.0,-0.547,1.518,0.0,0.0,0.0,0.0,0.0,1.964,-0.524,0.0,0.0,0.0,-0.634,1.9980000000000002,-0.703,0.0,0.0,0.0,-0.976,1.7209999999999999,-0.627,-0.5579999999999999,0.0,0.0,-1.178,0.0,0.0,-1.155,0.0,0.0,-0.982,0.0,0.0,-0.988,0.0,0.0,-1.122,0.0,0.0,-0.867,0.0,0.0,-1.2990000000000002,0.0,1.492,-0.9390000000000001,0.0,0.0,-1.125,-2.617,2.2880000000000003,-0.884,0.731,0.0,-0.748,,,,,,,,,,,,,,,,,,,,,,,,,,,,,,,,,,,,,,,,,,,,,,,,,,,,,,,,,,,,,,,,,,,,,,,,,,,,,,,,,,,,,,,,,,,,,,,,,,,,,,,,,,,,,,,,,,,,,,,,,,,,,,,,,,,,,,,,,,,,,,,,,,,,,,,,,,,,,,,,,,,,,,,,,,,,,,,,,,,,,,,,,,,,,,,,,,,,,,,,,,,,,,,,,,,,,,,,,,,,,,,,,,,,,,,,,,,,,,,,,,,,,,,,,,,,,,,,,,,,,,,,,,,,,,,,,,,,,,,,,,,,,,,,,,,,,,,,,,,,,,,,,,,,,,,,,,,,,,,,,,,,,,,,,,,,,,,,,,,,,,,,,,,,,,,,,,,,,,,,,,,,,,,,,,,,,rotateRight
accX,0.73,-1.922,0.0,0.0,0.0,0.0,0.948,-1.6680000000000001,0.0,-0.693,0.0,-0.638,0.823,-0.6509999999999999,0.0,-0.609,0.0,-0.85,0.0,0.0,0.0,0.0,-0.574,-0.9209999999999999,0.0,0.0,0.0,0.0,0.0,-0.9640000000000001,0.0,0.0,0.0,0.0,0.0,-1.0390000000000001,0.748,0.0,0.0,0.0,0.0,-1.128,0.9109999999999999,0.0,0.0,0.0,0.0,-1.0959999999999999,1.249,0.0,0.0,0.546,0.0,-1.255,1.091,0.0,-0.948,0.685,0.0,-1.4769999999999999,0.0,0.0,-0.8420000000000001,0.863,0.0,-1.389,0.0,0.0,-0.909,0.767,0.0,-1.1440000000000001,0.84,0.9790000000000001,-1.686,0.6779999999999999,0.0,-1.169,,,,,,,,,,,,,,,,,,,,,,,,,,,,,,,,,,,,,,,,,,,,,,,,,,,,,,,,,,,,,,,,,,,,,,,,,,,,,,,,,,,,,,,,,,,,,,,,,,,,,,,,,,,,,,,,,,,,,,,,,,,,,,,,,,,,,,,,,,,,,,,,,,,,,,,,,,,,,,,,,,,,,,,,,,,,,,,,,,,,,,,,,,,,,,,,,,,,,,,,,,,,,,,,,,,,,,,,,,,,,,,,,,,,,,,,,,,,,,,,,,,,,,,,,,,,,,,,,,,,,,,,,,,,,,,,,,,,,,,,,,,,,,,,,,,,,,,,,,,,,,,,,,,,,,,,,,,,,,,,,,,,,,,,,,,,,,,,,,,,,,,,,,,,,,,,,,,,,,,,,,,,,,,,,,,,,,,,,,,,,,,,,,,,,,,,,,,,,,,,,,,rotateRight
accX,0.0,-1.645,0.0,0.0,0.0,0.0,0.0,-1.449,0.0,-0.5579999999999999,0.0,0.0,0.0,-1.114,0.0,-0.602,0.0,0.0,0.0,-0.693,0.0,0.0,0.0,0.0,0.0,-0.9940000000000001,0.0,0.0,0.0,0.0,0.853,-1.325,0.0,-0.54,-0.69,0.0,0.772,-0.86,0.0,-0.518,-0.741,-0.513,0.502,0.0,0.0,0.0,-0.575,-0.685,0.0,0.0,0.0,0.0,0.0,-0.716,0.95,0.0,0.503,0.0,0.0,-0.61,1.8119999999999998,0.69,0.0,0.648,0.0,-0.6809999999999999,2.119,0.665,0.0,0.779,0.0,-0.8390000000000001,1.598,1.517,-1.012,1.037,0.0,-0.919,0.955,1.722,-0.935,1.284,0.0,-0.6859999999999999,2.625,0.0,-2.595,0.68,0.0,-0.802,,,,,,,,,,,,,,,,,,,,,,,,,,,,,,,,,,,,,,,,,,,,,,,,,,,,,,,,,,,,,,,,,,,,,,,,,,,,,,,,,,,,,,,,,,,,,,,,,,,,,,,,,,,,,,,,,,,,,,,,,,,,,,,,,,,,,,,,,,,,,,,,,,,,,,,,,,,,,,,,,,,,,,,,,,,,,,,,,,,,,,,,,,,,,,,,,,,,,,,,,,,,,,,,,,,,,,,,,,,,,,,,,,,,,,,,,,,,,,,,,,,,,,,,,,,,,,,,,,,,,,,,,,,,,,,,,,,,,,,,,,,,,,,,,,,,,,,,,,,,,,,,,,,,,,,,,,,,,,,,,,,,,,,,,,,,,,,,,,,,,,,,,,,,,,,,,,,,,,,,,,,,,,,,,,,,,,,,,,,,,,,,,,,,,,,rotateRight
accX,0.604,-2.281,0.0,-0.612,0.0,0.0,0.5579999999999999,-1.686,0.0,-0.8909999999999999,0.0,-0.512,0.6609999999999999,-0.857,0.682,-0.975,-0.616,-0.67,0.848,-0.525,1.18,-0.7170000000000001,-0.871,-0.775,0.56,-0.705,0.775,0.0,-1.074,-0.76,0.0,-1.298,0.0,0.0,-0.929,-0.802,0.633,-0.597,0.0,0.0,0.0,-1.01,1.1420000000000001,0.633,0.0,0.0,0.0,-1.041,0.725,0.879,0.0,0.586,0.0,-0.8959999999999999,0.0,0.915,0.0,1.084,0.0,-0.73,1.255,0.0,-1.484,1.18,0.0,-0.855,,,,,,,,,,,,,,,,,,,,,,,,,,,,,,,,,,,,,,,,,,,,,,,,,,,,,,,,,,,,,,,,,,,,,,,,,,,,,,,,,,,,,,,,,,,,,,,,,,,,,,,,,,,,,,,,,,,,,,,,,,,,,,,,,,,,,,,,,,,,,,,,,,,,,,,,,,,,,,,,,,,,,,,,,,,,,,,,,,,,,,,,,,,,,,,,,,,,,,,,,,,,,,,,,,,,,,,,,,,,,,,,,,,,,,,,,,,,,,,,,,,,,,,,,,,,,,,,,,,,,,,,,,,,,,,,,,,,,,,,,,,,,,,,,,,,,,,,,,,,,,,,,,,,,,,,,,,,,,,,,,,,,,,,,,,,,,,,,,,,,,,,,,,,,,,,,,,,,,,,,,,,,,,,,,,,,,,,,,,,,,,,,,,,,,,,,,,,,,,,,,,,,,,,,,,,,,,rotateRight
accX,0.828,-0.838,0.0,-0.526,0.0,0.0,0.894,0.0,0.0,0.0,0.0,0.0,0.8109999999999999,0.0,0.0,0.0,0.0,-0.529,0.976,0.0,0.0,0.0,-0.5429999999999999,-0.563,0.833,0.0,-0.63,0.0,0.0,-0.631,0.6859999999999999,0.0,-1.2009999999999998,0.0,0.0,-0.84,1.163,0.6990000000000001,-1.307,0.0,0.0,-0.877,1.2890000000000001,1.641,-0.667,0.0,0.0,-0.831,1.145,1.666,-1.3359999999999999,0.0,0.0,-0.831,1.053,1.0659999999999998,-1.9880000000000002,0.0,0.0,-0.856,1.34,0.8959999999999999,-2.199,0.0,0.0,-1.0390000000000001,1.258,1.9980000000000002,-2.6519999999999997,0.0,0.0,-1.26,-0.866,3.37,-1.206,0.0,0.0,-0.981,,,,,,,,,,,,,,,,,,,,,,,,,,,,,,,,,,,,,,,,,,,,,,,,,,,,,,,,,,,,,,,,,,,,,,,,,,,,,,,,,,,,,,,,,,,,,,,,,,,,,,,,,,,,,,,,,,,,,,,,,,,,,,,,,,,,,,,,,,,,,,,,,,,,,,,,,,,,,,,,,,,,,,,,,,,,,,,,,,,,,,,,,,,,,,,,,,,,,,,,,,,,,,,,,,,,,,,,,,,,,,,,,,,,,,,,,,,,,,,,,,,,,,,,,,,,,,,,,,,,,,,,,,,,,,,,,,,,,,,,,,,,,,,,,,,,,,,,,,,,,,,,,,,,,,,,,,,,,,,,,,,,,,,,,,,,,,,,,,,,,,,,,,,,,,,,,,,,,,,,,,,,,,,,,,,,,,,,,,,,,,,,,,,,,,,,,,,,,,,,,,,rotateRight
accX,0.614,-1.055,0.0,-0.654,0.0,0.0,0.745,-0.8009999999999999,0.627,0.0,0.0,0.0,1.2990000000000002,-0.996,0.633,0.0,0.0,0.0,1.742,-1.042,0.634,0.0,-0.647,-0.503,1.825,-1.128,0.698,0.0,-0.812,-0.6559999999999999,1.44,-1.064,0.0,0.0,-0.8540000000000001,-0.85,1.13,-0.54,0.0,0.0,-0.685,-0.925,1.272,0.0,0.0,0.0,0.0,-0.972,1.515,0.0,0.0,0.501,0.0,-1.065,2.335,0.0,0.0,0.574,0.0,-1.3259999999999998,1.972,0.0,-1.284,0.0,-0.77,-1.3430000000000002,1.185,0.677,-1.855,0.0,-0.5870000000000001,-1.359,0.87,1.2919999999999998,-2.167,0.508,0.0,-1.219,0.835,1.5,-2.089,0.736,0.0,-1.2429999999999999,1.169,1.038,-3.307,0.6609999999999999,0.0,-1.4140000000000001,,,,,,,,,,,,,,,,,,,,,,,,,,,,,,,,,,,,,,,,,,,,,,,,,,,,,,,,,,,,,,,,,,,,,,,,,,,,,,,,,,,,,,,,,,,,,,,,,,,,,,,,,,,,,,,,,,,,,,,,,,,,,,,,,,,,,,,,,,,,,,,,,,,,,,,,,,,,,,,,,,,,,,,,,,,,,,,,,,,,,,,,,,,,,,,,,,,,,,,,,,,,,,,,,,,,,,,,,,,,,,,,,,,,,,,,,,,,,,,,,,,,,,,,,,,,,,,,,,,,,,,,,,,,,,,,,,,,,,,,,,,,,,,,,,,,,,,,,,,,,,,,,,,,,,,,,,,,,,,,,,,,,,,,,,,,,,,,,,,,,,,,,,,,,,,,,,,,,,,,,,,,,,,,,,,,,,,,,,,,,,,,,,,,,,,rotateRight
accX,0.0,-0.885,0.0,0.0,0.0,0.0,0.0,-1.03,0.0,0.0,0.0,0.0,0.0,-0.7290000000000001,0.0,0.0,0.0,0.0,0.0,-0.7759999999999999,0.0,0.0,0.0,0.0,0.9229999999999999,0.0,0.619,0.0,0.0,0.0,1.015,0.0,0.5589999999999999,0.0,-0.6509999999999999,0.0,0.753,0.0,0.0,0.0,0.0,-0.5770000000000001,1.506,0.0,-0.667,0.0,0.0,-0.8079999999999999,2.012,0.0,-0.6,0.522,0.0,-0.925,2.217,1.057,-0.775,0.7809999999999999,0.0,-0.94,1.588,0.7490000000000001,-1.47,1.386,0.0,-0.915,1.726,0.0,-2.165,1.524,0.0,-0.748,1.9469999999999998,0.914,-2.455,1.263,0.0,-0.757,,,,,,,,,,,,,,,,,,,,,,,,,,,,,,,,,,,,,,,,,,,,,,,,,,,,,,,,,,,,,,,,,,,,,,,,,,,,,,,,,,,,,,,,,,,,,,,,,,,,,,,,,,,,,,,,,,,,,,,,,,,,,,,,,,,,,,,,,,,,,,,,,,,,,,,,,,,,,,,,,,,,,,,,,,,,,,,,,,,,,,,,,,,,,,,,,,,,,,,,,,,,,,,,,,,,,,,,,,,,,,,,,,,,,,,,,,,,,,,,,,,,,,,,,,,,,,,,,,,,,,,,,,,,,,,,,,,,,,,,,,,,,,,,,,,,,,,,,,,,,,,,,,,,,,,,,,,,,,,,,,,,,,,,,,,,,,,,,,,,,,,,,,,,,,,,,,,,,,,,,,,,,,,,,,,,,,,,,,,,,,,,,,,,,,,,,,,,,,,,,,,rotateRight
accX,0.0,-0.763,0.65,0.0,0.0,0.0,0.0,-0.635,0.5670000000000001,0.0,0.0,0.0,0.0,-1.3030000000000002,0.0,0.0,-0.504,0.0,0.807,-1.837,-0.626,-0.81,0.0,0.0,1.251,-1.1440000000000001,0.0,-0.955,-0.5870000000000001,-0.654,1.138,-0.546,0.0,-0.708,-0.5579999999999999,-0.784,1.095,0.0,0.0,0.0,0.0,-0.7979999999999999,1.964,0.0,0.0,0.0,0.0,-0.966,2.305,-0.619,-0.515,0.645,-0.575,-1.227,1.7269999999999999,0.0,-1.656,0.737,0.0,-1.4509999999999998,1.0090000000000001,1.031,-1.459,1.0170000000000001,0.0,-1.3869999999999998,1.078,0.841,-1.959,0.976,0.0,-1.219,2.401,1.4969999999999999,-3.7060000000000004,0.7709999999999999,0.0,-1.4340000000000002,0.0,0.986,-2.302,1.228,0.0,-1.485,,,,,,,,,,,,,,,,,,,,,,,,,,,,,,,,,,,,,,,,,,,,,,,,,,,,,,,,,,,,,,,,,,,,,,,,,,,,,,,,,,,,,,,,,,,,,,,,,,,,,,,,,,,,,,,,,,,,,,,,,,,,,,,,,,,,,,,,,,,,,,,,,,,,,,,,,,,,,,,,,,,,,,,,,,,,,,,,,,,,,,,,,,,,,,,,,,,,,,,,,,,,,,,,,,,,,,,,,,,,,,,,,,,,,,,,,,,,,,,,,,,,,,,,,,,,,,,,,,,,,,,,,,,,,,,,,,,,,,,,,,,,,,,,,,,,,,,,,,,,,,,,,,,,,,,,,,,,,,,,,,,,,,,,,,,,,,,,,,,,,,,,,,,,,,,,,,,,,,,,,,,,,,,,,,,,,,,,,,,,,,,,,,,,,,,,,,,,,rotateRight
accX,0.0,-1.246,0.0,-0.7659999999999999,0.0,0.0,0.0,-1.081,0.0,-0.82,0.0,0.0,0.0,-0.7709999999999999,0.631,-0.7070000000000001,-0.623,-0.525,0.0,-1.095,0.0,-0.7170000000000001,-0.778,0.0,0.0,0.0,0.946,0.0,-0.81,-0.52,0.6679999999999999,0.0,1.117,0.0,-0.9259999999999999,0.0,0.573,-0.636,0.96,0.0,-0.8390000000000001,-0.525,0.623,-0.519,0.0,0.0,0.0,-0.706,1.247,0.0,0.0,0.0,0.0,-0.6709999999999999,1.857,0.0,0.0,0.57,0.0,-0.797,2.201,0.0,0.0,0.6809999999999999,-0.615,-0.8740000000000001,1.7209999999999999,0.9790000000000001,0.0,1.2,-0.574,-0.606,0.975,0.0,-1.137,1.3430000000000002,0.0,-0.6759999999999999,,,,,,,,,,,,,,,,,,,,,,,,,,,,,,,,,,,,,,,,,,,,,,,,,,,,,,,,,,,,,,,,,,,,,,,,,,,,,,,,,,,,,,,,,,,,,,,,,,,,,,,,,,,,,,,,,,,,,,,,,,,,,,,,,,,,,,,,,,,,,,,,,,,,,,,,,,,,,,,,,,,,,,,,,,,,,,,,,,,,,,,,,,,,,,,,,,,,,,,,,,,,,,,,,,,,,,,,,,,,,,,,,,,,,,,,,,,,,,,,,,,,,,,,,,,,,,,,,,,,,,,,,,,,,,,,,,,,,,,,,,,,,,,,,,,,,,,,,,,,,,,,,,,,,,,,,,,,,,,,,,,,,,,,,,,,,,,,,,,,,,,,,,,,,,,,,,,,,,,,,,,,,,,,,,,,,,,,,,,,,,,,,,,,,,,,,,,,,,,,,,,rotateRight
accX,0.0,-1.662,0.0,-0.992,0.0,0.0,0.0,-1.2570000000000001,0.0,-0.904,0.0,0.0,0.0,-1.421,0.643,-0.76,0.0,0.0,0.0,-1.215,0.6729999999999999,-0.653,0.0,0.0,0.0,-1.264,0.735,-0.575,-0.508,0.0,0.0,-1.062,0.76,0.0,-0.7190000000000001,0.0,0.0,-0.7979999999999999,0.9620000000000001,0.0,-0.7290000000000001,0.0,0.0,-0.6559999999999999,1.028,0.0,-0.66,0.0,0.509,-0.643,1.022,0.0,-0.633,0.0,1.021,-0.946,0.887,0.0,-0.638,0.0,1.442,-1.015,0.742,0.563,-0.807,0.0,1.099,-1.078,0.0,0.596,-0.861,-0.649,0.88,-0.596,0.0,0.513,-0.602,-0.7440000000000001,1.4609999999999999,0.0,0.0,0.7240000000000001,0.0,-0.6709999999999999,2.041,0.6,-0.5489999999999999,1.126,0.0,-0.615,2.278,0.516,-1.311,1.4180000000000001,0.0,-0.647,0.9790000000000001,0.677,-3.67,1.5230000000000001,0.0,-0.8440000000000001,,,,,,,,,,,,,,,,,,,,,,,,,,,,,,,,,,,,,,,,,,,,,,,,,,,,,,,,,,,,,,,,,,,,,,,,,,,,,,,,,,,,,,,,,,,,,,,,,,,,,,,,,,,,,,,,,,,,,,,,,,,,,,,,,,,,,,,,,,,,,,,,,,,,,,,,,,,,,,,,,,,,,,,,,,,,,,,,,,,,,,,,,,,,,,,,,,,,,,,,,,,,,,,,,,,,,,,,,,,,,,,,,,,,,,,,,,,,,,,,,,,,,,,,,,,,,,,,,,,,,,,,,,,,,,,,,,,,,,,,,,,,,,,,,,,,,,,,,,,,,,,,,,,,,,,,,,,,,,,,,,,,,,,,,,,,,,,,,,,,,,,,,,,,,,,,,,,,,,,,,,,,,,,,,,,,,,,,,,,rotateRight
accX,0.0,-1.4709999999999999,0.0,-1.252,0.0,0.0,0.0,-0.507,0.0,-1.006,-0.718,-0.565,0.0,0.0,0.0,-0.742,-0.8420000000000001,0.0,0.0,-0.593,0.0,-0.649,-1.0,0.0,0.0,-0.536,0.0,-0.527,-1.09,0.0,0.0,-0.836,0.0,0.0,-0.759,0.0,0.0,-0.555,0.0,0.0,0.0,0.0,0.0,0.0,0.7959999999999999,0.0,0.0,0.0,1.4369999999999998,0.0,1.067,0.59,0.0,0.0,1.926,0.0,1.175,0.991,0.0,0.0,1.615,0.745,0.528,1.5219999999999998,0.0,0.0,1.341,0.812,0.0,2.134,0.0,0.0,,,,,,,,,,,,,,,,,,,,,,,,,,,,,,,,,,,,,,,,,,,,,,,,,,,,,,,,,,,,,,,,,,,,,,,,,,,,,,,,,,,,,,,,,,,,,,,,,,,,,,,,,,,,,,,,,,,,,,,,,,,,,,,,,,,,,,,,,,,,,,,,,,,,,,,,,,,,,,,,,,,,,,,,,,,,,,,,,,,,,,,,,,,,,,,,,,,,,,,,,,,,,,,,,,,,,,,,,,,,,,,,,,,,,,,,,,,,,,,,,,,,,,,,,,,,,,,,,,,,,,,,,,,,,,,,,,,,,,,,,,,,,,,,,,,,,,,,,,,,,,,,,,,,,,,,,,,,,,,,,,,,,,,,,,,,,,,,,,,,,,,,,,,,,,,,,,,,,,,,,,,,,,,,,,,,,,,,,,,,,,,,,,,,,,,,,,,,,,,,,,,,,,,,,rotateRight
accX,-1.028,-2.432,0.0,-0.529,0.0,0.0,0.0,-2.338,0.0,-0.858,0.0,0.0,0.0,-1.325,0.863,-1.08,0.0,0.0,0.0,-1.071,1.2229999999999999,-1.01,-0.769,0.0,0.621,-0.779,1.391,-0.684,-1.057,0.0,0.599,-0.97,1.038,0.0,-1.28,0.0,0.0,-1.662,0.0,0.0,-1.06,0.0,1.069,-1.341,0.0,0.0,-0.7390000000000001,-0.547,1.135,-0.75,0.0,0.0,-0.742,-0.624,0.958,0.0,0.0,0.0,-0.757,-0.51,1.409,0.0,0.0,0.653,-0.617,0.0,1.145,0.0,-1.003,0.898,0.0,-0.523,1.6130000000000002,0.0,0.0,1.631,0.0,0.0,3.943,-0.877,0.0,1.626,0.0,0.0,,,,,,,,,,,,,,,,,,,,,,,,,,,,,,,,,,,,,,,,,,,,,,,,,,,,,,,,,,,,,,,,,,,,,,,,,,,,,,,,,,,,,,,,,,,,,,,,,,,,,,,,,,,,,,,,,,,,,,,,,,,,,,,,,,,,,,,,,,,,,,,,,,,,,,,,,,,,,,,,,,,,,,,,,,,,,,,,,,,,,,,,,,,,,,,,,,,,,,,,,,,,,,,,,,,,,,,,,,,,,,,,,,,,,,,,,,,,,,,,,,,,,,,,,,,,,,,,,,,,,,,,,,,,,,,,,,,,,,,,,,,,,,,,,,,,,,,,,,,,,,,,,,,,,,,,,,,,,,,,,,,,,,,,,,,,,,,,,,,,,,,,,,,,,,,,,,,,,,,,,,,,,,,,,,,,,,,,,,,,,,,,,,,,,,,,,,,,,rotateRight
accX,-0.9620000000000001,-0.9440000000000001,0.0,0.0,0.0,0.0,-1.2429999999999999,-0.857,0.0,-0.546,0.0,0.0,-1.328,-0.7170000000000001,0.0,-0.615,0.0,0.0,0.0,-1.3430000000000002,0.0,-0.769,0.0,0.0,0.0,-1.198,0.0,-0.883,0.0,0.0,0.0,-0.701,0.0,-0.858,-0.5479999999999999,0.0,0.0,0.0,0.0,-0.613,-0.713,0.0,0.0,0.0,0.0,0.0,-0.79,0.0,0.0,-0.539,0.0,0.0,-0.648,0.0,0.8320000000000001,0.0,0.815,0.0,-0.601,0.0,1.3769999999999998,0.0,0.764,0.0,-0.8029999999999999,0.0,1.726,0.0,0.934,0.987,-0.828,0.0,1.43,-0.764,-0.726,1.194,0.0,0.0,1.9469999999999998,0.0,-0.884,1.386,0.0,0.0,2.563,0.831,0.0,1.689,0.0,0.0,,,,,,,,,,,,,,,,,,,,,,,,,,,,,,,,,,,,,,,,,,,,,,,,,,,,,,,,,,,,,,,,,,,,,,,,,,,,,,,,,,,,,,,,,,,,,,,,,,,,,,,,,,,,,,,,,,,,,,,,,,,,,,,,,,,,,,,,,,,,,,,,,,,,,,,,,,,,,,,,,,,,,,,,,,,,,,,,,,,,,,,,,,,,,,,,,,,,,,,,,,,,,,,,,,,,,,,,,,,,,,,,,,,,,,,,,,,,,,,,,,,,,,,,,,,,,,,,,,,,,,,,,,,,,,,,,,,,,,,,,,,,,,,,,,,,,,,,,,,,,,,,,,,,,,,,,,,,,,,,,,,,,,,,,,,,,,,,,,,,,,,,,,,,,,,,,,,,,,,,,,,,,,,,,,,,,,,,,,,,,,,,,,,,,,,rotateRight
accX,-2.258,-2.499,0.0,-0.62,0.0,0.0,-1.6669999999999998,-2.293,0.0,-0.9,0.0,0.0,-0.889,-2.004,0.787,-0.9209999999999999,0.0,0.0,-0.514,-1.814,1.1420000000000001,-0.7879999999999999,-0.8,0.0,-0.7190000000000001,-1.7109999999999999,0.9840000000000001,-0.609,-1.178,0.0,-0.977,-1.9569999999999999,0.536,0.0,-1.331,0.0,-0.9590000000000001,-1.821,0.0,0.0,-0.9740000000000001,0.0,0.0,-1.278,0.0,0.0,-0.507,0.0,1.124,-1.01,0.573,0.0,0.0,0.0,0.7190000000000001,-1.0190000000000001,0.0,0.0,-0.585,0.0,0.946,-0.626,0.0,0.0,0.0,0.0,1.341,0.0,0.0,0.665,0.0,0.0,1.723,0.763,0.0,1.423,0.0,0.0,0.528,1.459,0.753,2.465,0.0,0.0,4.0360000000000005,-1.98,0.0,1.8940000000000001,0.0,0.0,,,,,,,,,,,,,,,,,,,,,,,,,,,,,,,,,,,,,,,,,,,,,,,,,,,,,,,,,,,,,,,,,,,,,,,,,,,,,,,,,,,,,,,,,,,,,,,,,,,,,,,,,,,,,,,,,,,,,,,,,,,,,,,,,,,,,,,,,,,,,,,,,,,,,,,,,,,,,,,,,,,,,,,,,,,,,,,,,,,,,,,,,,,,,,,,,,,,,,,,,,,,,,,,,,,,,,,,,,,,,,,,,,,,,,,,,,,,,,,,,,,,,,,,,,,,,,,,,,,,,,,,,,,,,,,,,,,,,,,,,,,,,,,,,,,,,,,,,,,,,,,,,,,,,,,,,,,,,,,,,,,,,,,,,,,,,,,,,,,,,,,,,,,,,,,,,,,,,,,,,,,,,,,,,,,,,,,,,,,,,,,,,,,,,,,rotateRight
accX,-2.1180000000000003,-2.374,0.0,-1.215,0.0,0.0,-1.541,-1.8559999999999999,0.0,-1.219,0.0,0.0,-1.2329999999999999,-1.347,0.0,-0.987,0.0,0.0,-0.8540000000000001,-2.1319999999999997,0.0,-0.8859999999999999,-0.599,0.0,0.0,-1.77,0.0,-0.8270000000000001,-0.857,0.0,-0.537,-1.248,0.0,-0.609,-1.0490000000000002,0.0,-0.626,-1.1340000000000001,0.546,0.0,-0.922,0.0,0.0,-1.432,0.525,0.0,-0.679,0.0,0.0,-1.111,0.517,0.0,0.0,0.0,0.915,-1.3630000000000002,0.7659999999999999,0.0,0.0,0.0,1.391,-1.3090000000000002,1.044,0.0,0.0,0.0,1.7169999999999999,-1.149,0.624,0.685,0.0,0.0,1.742,-0.8759999999999999,0.0,0.9329999999999999,0.0,0.0,2.062,-0.9890000000000001,0.0,1.229,0.0,0.0,3.8510000000000004,-0.8109999999999999,0.0,1.473,0.0,0.0,,,,,,,,,,,,,,,,,,,,,,,,,,,,,,,,,,,,,,,,,,,,,,,,,,,,,,,,,,,,,,,,,,,,,,,,,,,,,,,,,,,,,,,,,,,,,,,,,,,,,,,,,,,,,,,,,,,,,,,,,,,,,,,,,,,,,,,,,,,,,,,,,,,,,,,,,,,,,,,,,,,,,,,,,,,,,,,,,,,,,,,,,,,,,,,,,,,,,,,,,,,,,,,,,,,,,,,,,,,,,,,,,,,,,,,,,,,,,,,,,,,,,,,,,,,,,,,,,,,,,,,,,,,,,,,,,,,,,,,,,,,,,,,,,,,,,,,,,,,,,,,,,,,,,,,,,,,,,,,,,,,,,,,,,,,,,,,,,,,,,,,,,,,,,,,,,,,,,,,,,,,,,,,,,,,,,,,,,,,,,,,,,,,,,,,rotateRight
accX,-3.125,-1.814,0.0,0.0,0.0,0.0,-2.505,-2.4330000000000003,-0.654,-0.591,0.0,0.0,-1.9569999999999999,-2.4290000000000003,0.0,-0.9329999999999999,0.0,0.0,-1.199,-2.119,0.0,-1.105,0.0,-0.55,-0.8540000000000001,-1.575,0.722,-0.929,-0.8029999999999999,-0.528,-0.718,-1.845,0.883,-0.539,-1.081,0.0,-0.737,-2.063,0.677,0.0,-1.136,-0.522,-0.7659999999999999,-1.9340000000000002,0.0,0.0,-0.767,-0.64,0.0,-1.139,0.586,0.0,-0.506,-0.588,0.909,-1.114,0.856,0.0,-0.511,-0.5539999999999999,1.3019999999999998,-1.2109999999999999,0.8909999999999999,0.0,-0.525,-0.555,2.161,-0.6859999999999999,1.149,0.0,-0.535,-0.607,1.827,0.0,0.708,1.042,0.0,-0.5589999999999999,1.423,0.0,0.0,1.222,0.0,-0.598,2.102,0.0,-1.704,1.54,0.0,0.0,1.334,0.555,-1.172,2.13,0.0,0.0,1.7819999999999998,-1.445,-2.588,1.6909999999999998,0.884,0.0,,,,,,,,,,,,,,,,,,,,,,,,,,,,,,,,,,,,,,,,,,,,,,,,,,,,,,,,,,,,,,,,,,,,,,,,,,,,,,,,,,,,,,,,,,,,,,,,,,,,,,,,,,,,,,,,,,,,,,,,,,,,,,,,,,,,,,,,,,,,,,,,,,,,,,,,,,,,,,,,,,,,,,,,,,,,,,,,,,,,,,,,,,,,,,,,,,,,,,,,,,,,,,,,,,,,,,,,,,,,,,,,,,,,,,,,,,,,,,,,,,,,,,,,,,,,,,,,,,,,,,,,,,,,,,,,,,,,,,,,,,,,,,,,,,,,,,,,,,,,,,,,,,,,,,,,,,,,,,,,,,,,,,,,,,,,,,,,,,,,,,,,,,,,,,,,,,,,,,,,,,,,,,,,,,,,,,,,,,,rotateRight
accX,-3.8739999999999997,-2.546,0.0,-1.16,0.0,0.0,-3.3280000000000003,-2.28,0.0,-1.399,0.0,0.0,-2.4290000000000003,-1.841,0.0,-1.344,0.0,0.0,-1.92,-2.022,0.0,-1.1340000000000001,-0.899,0.0,-1.6480000000000001,-1.463,0.523,-0.72,-1.07,0.0,-1.214,-1.452,0.0,0.0,-1.0959999999999999,0.0,-1.2790000000000001,-1.8530000000000002,0.0,0.0,-0.9329999999999999,0.0,-0.6409999999999999,-1.547,0.0,0.0,-0.8290000000000001,0.0,0.0,-1.371,1.016,0.0,-0.789,0.0,0.581,-1.548,0.9059999999999999,0.552,-0.696,0.0,1.104,-2.499,0.0,0.0,-0.511,0.0,1.6540000000000001,-1.126,0.0,0.0,0.0,0.0,1.349,0.0,0.53,0.736,0.0,0.0,1.4509999999999998,-0.825,0.0,1.486,0.0,0.0,2.799,-1.775,-1.35,1.568,0.0,0.0,,,,,,,,,,,,,,,,,,,,,,,,,,,,,,,,,,,,,,,,,,,,,,,,,,,,,,,,,,,,,,,,,,,,,,,,,,,,,,,,,,,,,,,,,,,,,,,,,,,,,,,,,,,,,,,,,,,,,,,,,,,,,,,,,,,,,,,,,,,,,,,,,,,,,,,,,,,,,,,,,,,,,,,,,,,,,,,,,,,,,,,,,,,,,,,,,,,,,,,,,,,,,,,,,,,,,,,,,,,,,,,,,,,,,,,,,,,,,,,,,,,,,,,,,,,,,,,,,,,,,,,,,,,,,,,,,,,,,,,,,,,,,,,,,,,,,,,,,,,,,,,,,,,,,,,,,,,,,,,,,,,,,,,,,,,,,,,,,,,,,,,,,,,,,,,,,,,,,,,,,,,,,,,,,,,,,,,,,,,,,,,,,,,,,,,rotateRight
accX,-2.76,-2.49,-0.684,0.0,0.0,0.0,-2.17,-2.611,-0.8270000000000001,-0.909,0.0,0.0,-1.766,-2.137,0.0,-1.318,0.0,0.0,-1.334,-1.652,0.0,-1.12,-0.97,0.0,-1.515,-1.11,0.81,-0.672,-1.032,0.0,-1.1340000000000001,-1.429,0.774,0.0,-1.023,0.0,-0.94,-2.256,0.0,0.0,-0.862,0.0,-0.9279999999999999,-2.036,0.0,0.0,0.0,0.0,0.0,-1.216,0.7070000000000001,0.0,0.0,0.0,0.934,-1.55,0.818,0.0,0.0,0.0,1.192,-1.511,0.782,0.0,0.0,0.0,1.2890000000000001,-1.089,0.578,0.568,0.0,0.0,1.1,0.0,0.0,1.411,0.0,0.0,2.166,0.0,0.611,2.131,0.0,0.0,4.034,-2.276,0.0,1.81,0.0,0.0,,,,,,,,,,,,,,,,,,,,,,,,,,,,,,,,,,,,,,,,,,,,,,,,,,,,,,,,,,,,,,,,,,,,,,,,,,,,,,,,,,,,,,,,,,,,,,,,,,,,,,,,,,,,,,,,,,,,,,,,,,,,,,,,,,,,,,,,,,,,,,,,,,,,,,,,,,,,,,,,,,,,,,,,,,,,,,,,,,,,,,,,,,,,,,,,,,,,,,,,,,,,,,,,,,,,,,,,,,,,,,,,,,,,,,,,,,,,,,,,,,,,,,,,,,,,,,,,,,,,,,,,,,,,,,,,,,,,,,,,,,,,,,,,,,,,,,,,,,,,,,,,,,,,,,,,,,,,,,,,,,,,,,,,,,,,,,,,,,,,,,,,,,,,,,,,,,,,,,,,,,,,,,,,,,,,,,,,,,,,,,,,,,,,,,,rotateRight
accX,-3.938,-2.069,-0.5429999999999999,-0.667,0.0,0.0,-2.904,-2.928,-0.632,-1.224,0.0,0.0,-2.161,-2.028,0.0,-1.284,0.0,0.0,-2.005,-1.06,0.0,-1.021,-0.574,0.0,-1.08,-1.6280000000000001,0.0,-0.695,-0.62,0.0,-0.6659999999999999,-1.683,0.0,-0.54,-0.883,0.0,-1.319,-1.78,0.0,0.0,-0.809,0.0,-1.161,-1.104,0.0,0.0,-0.552,0.0,-1.014,-1.462,0.0,0.0,0.0,0.0,0.0,-1.556,0.84,0.0,0.0,0.0,0.6559999999999999,-1.189,1.5719999999999998,0.0,0.0,0.0,0.728,-0.884,1.8459999999999999,0.0,-0.64,0.0,0.0,-0.753,1.425,0.868,-0.57,0.594,1.186,-1.226,0.934,1.3459999999999999,0.0,0.805,2.437,-1.824,0.0,1.615,0.0,0.841,4.254,-2.5069999999999997,0.8690000000000001,1.589,0.0,0.778,,,,,,,,,,,,,,,,,,,,,,,,,,,,,,,,,,,,,,,,,,,,,,,,,,,,,,,,,,,,,,,,,,,,,,,,,,,,,,,,,,,,,,,,,,,,,,,,,,,,,,,,,,,,,,,,,,,,,,,,,,,,,,,,,,,,,,,,,,,,,,,,,,,,,,,,,,,,,,,,,,,,,,,,,,,,,,,,,,,,,,,,,,,,,,,,,,,,,,,,,,,,,,,,,,,,,,,,,,,,,,,,,,,,,,,,,,,,,,,,,,,,,,,,,,,,,,,,,,,,,,,,,,,,,,,,,,,,,,,,,,,,,,,,,,,,,,,,,,,,,,,,,,,,,,,,,,,,,,,,,,,,,,,,,,,,,,,,,,,,,,,,,,,,,,,,,,,,,,,,,,,,,,,,,,,,,,,,,,,,,,,,,rotateRight
accX,-5.276,1.4380000000000002,-1.439,0.0,0.621,-1.0,-5.271,0.0,-1.12,-0.7290000000000001,0.679,-0.76,-4.263,-0.695,-0.934,-1.3019999999999998,0.0,-0.664,-3.51,-0.645,0.0,-1.254,0.0,-0.578,-3.117,-0.895,0.0,-1.002,0.0,0.0,-2.75,-1.183,0.0,-0.772,-0.596,0.0,-1.95,-1.248,0.0,0.0,-0.733,0.0,-1.186,-1.311,0.6709999999999999,0.0,-0.867,0.0,0.0,-1.7619999999999998,0.708,0.0,-0.976,0.0,0.0,-1.591,0.831,0.0,-1.0979999999999999,0.0,0.0,-1.148,0.6579999999999999,0.564,-1.194,0.0,0.0,-1.147,0.5770000000000001,0.802,-1.143,0.0,0.0,-0.9590000000000001,0.0,1.218,0.0,0.0,0.0,-0.6459999999999999,0.0,1.4080000000000001,0.0,0.0,2.275,-0.55,0.608,1.679,0.0,0.0,2.6719999999999997,-1.5519999999999998,0.0,1.861,0.0,0.0,2.927,-2.406,-1.327,1.516,0.0,0.0,,,,,,,,,,,,,,,,,,,,,,,,,,,,,,,,,,,,,,,,,,,,,,,,,,,,,,,,,,,,,,,,,,,,,,,,,,,,,,,,,,,,,,,,,,,,,,,,,,,,,,,,,,,,,,,,,,,,,,,,,,,,,,,,,,,,,,,,,,,,,,,,,,,,,,,,,,,,,,,,,,,,,,,,,,,,,,,,,,,,,,,,,,,,,,,,,,,,,,,,,,,,,,,,,,,,,,,,,,,,,,,,,,,,,,,,,,,,,,,,,,,,,,,,,,,,,,,,,,,,,,,,,,,,,,,,,,,,,,,,,,,,,,,,,,,,,,,,,,,,,,,,,,,,,,,,,,,,,,,,,,,,,,,,,,,,,,,,,,,,,,,,,,,,,,,,,,,,,,,,,,,,,,,,,,,,,,,,,,,rotateRight
accX,-5.115,0.9670000000000001,-0.568,0.0,0.612,0.0,-4.121,0.0,0.0,0.0,0.0,0.0,-3.3510000000000004,-1.0659999999999998,-0.7879999999999999,0.0,0.0,0.0,-3.1289999999999996,-1.9509999999999998,-0.8440000000000001,-1.042,0.0,-0.502,-1.72,-1.851,0.0,-1.32,0.0,0.0,-1.058,-1.228,0.0,-1.3519999999999999,-0.9179999999999999,0.0,-0.669,-1.129,0.639,-0.9179999999999999,-1.258,-0.62,-0.5489999999999999,-1.0979999999999999,0.8440000000000001,0.0,-1.262,0.0,0.0,-1.3769999999999998,0.7659999999999999,0.0,-0.927,0.0,0.7859999999999999,-1.97,0.0,0.0,-0.525,0.0,1.719,-1.946,0.0,0.0,0.0,0.0,2.262,-1.146,0.0,0.0,0.0,-0.54,2.07,-0.893,0.526,0.591,-0.514,-0.516,2.355,-0.867,-0.9079999999999999,1.173,0.0,0.0,1.507,-1.921,0.0,2.062,0.602,0.0,5.62,-2.688,0.0,1.665,0.9570000000000001,0.0,,,,,,,,,,,,,,,,,,,,,,,,,,,,,,,,,,,,,,,,,,,,,,,,,,,,,,,,,,,,,,,,,,,,,,,,,,,,,,,,,,,,,,,,,,,,,,,,,,,,,,,,,,,,,,,,,,,,,,,,,,,,,,,,,,,,,,,,,,,,,,,,,,,,,,,,,,,,,,,,,,,,,,,,,,,,,,,,,,,,,,,,,,,,,,,,,,,,,,,,,,,,,,,,,,,,,,,,,,,,,,,,,,,,,,,,,,,,,,,,,,,,,,,,,,,,,,,,,,,,,,,,,,,,,,,,,,,,,,,,,,,,,,,,,,,,,,,,,,,,,,,,,,,,,,,,,,,,,,,,,,,,,,,,,,,,,,,,,,,,,,,,,,,,,,,,,,,,,,,,,,,,,,,,,,,,,,,,,,,,,,,,,rotateRight
accX,-1.986,-2.258,-0.88,-0.615,0.0,0.0,-1.463,-2.372,0.0,-1.494,0.0,-0.565,-1.171,-0.672,1.077,-1.32,-0.561,-0.645,-1.29,-0.9590000000000001,0.867,-0.982,-0.775,-0.529,-0.7959999999999999,-0.9640000000000001,0.8,-0.8029999999999999,-0.893,0.0,0.0,-1.124,0.7759999999999999,-0.696,-1.176,0.0,-0.904,-1.724,0.0,-0.67,-0.88,0.0,0.0,-0.515,0.578,0.0,-0.512,0.0,0.6629999999999999,-0.713,1.072,0.0,0.0,0.0,1.5530000000000002,-0.679,0.9540000000000001,0.737,0.0,0.0,2.6310000000000002,-1.484,1.041,0.753,-0.514,0.0,3.0,-1.213,0.0,1.022,0.0,0.0,1.92,0.0,-0.5529999999999999,2.044,0.0,0.0,4.011,-1.837,0.0,1.649,0.726,0.0,,,,,,,,,,,,,,,,,,,,,,,,,,,,,,,,,,,,,,,,,,,,,,,,,,,,,,,,,,,,,,,,,,,,,,,,,,,,,,,,,,,,,,,,,,,,,,,,,,,,,,,,,,,,,,,,,,,,,,,,,,,,,,,,,,,,,,,,,,,,,,,,,,,,,,,,,,,,,,,,,,,,,,,,,,,,,,,,,,,,,,,,,,,,,,,,,,,,,,,,,,,,,,,,,,,,,,,,,,,,,,,,,,,,,,,,,,,,,,,,,,,,,,,,,,,,,,,,,,,,,,,,,,,,,,,,,,,,,,,,,,,,,,,,,,,,,,,,,,,,,,,,,,,,,,,,,,,,,,,,,,,,,,,,,,,,,,,,,,,,,,,,,,,,,,,,,,,,,,,,,,,,,,,,,,,,,,,,,,,,,,,,,,,,,,,,,,,,,rotateRight
accX,-2.248,-2.307,0.0,-1.249,0.0,0.0,-2.133,-1.2009999999999998,0.0,-1.4480000000000002,-0.619,0.0,-1.611,-0.8590000000000001,1.216,-1.253,-0.987,0.0,-0.909,-0.598,1.474,-0.7609999999999999,-1.2670000000000001,0.0,0.0,-0.9440000000000001,0.987,0.0,-1.422,0.0,0.0,-2.539,0.0,0.0,-1.121,0.0,1.541,-1.864,0.0,0.0,0.0,0.0,3.233,-0.865,0.0,0.0,0.0,0.0,2.985,-1.354,0.0,0.826,-0.5770000000000001,0.0,3.073,-2.1,-0.54,1.254,0.0,0.0,4.016,-2.5660000000000003,-1.4980000000000002,1.262,0.0,0.0,5.432,-1.4409999999999998,0.0,1.4809999999999999,0.0,0.0,6.365,-3.312,0.0,1.62,0.0,-0.54,5.848,-3.148,-0.898,1.167,0.0,-0.932,,,,,,,,,,,,,,,,,,,,,,,,,,,,,,,,,,,,,,,,,,,,,,,,,,,,,,,,,,,,,,,,,,,,,,,,,,,,,,,,,,,,,,,,,,,,,,,,,,,,,,,,,,,,,,,,,,,,,,,,,,,,,,,,,,,,,,,,,,,,,,,,,,,,,,,,,,,,,,,,,,,,,,,,,,,,,,,,,,,,,,,,,,,,,,,,,,,,,,,,,,,,,,,,,,,,,,,,,,,,,,,,,,,,,,,,,,,,,,,,,,,,,,,,,,,,,,,,,,,,,,,,,,,,,,,,,,,,,,,,,,,,,,,,,,,,,,,,,,,,,,,,,,,,,,,,,,,,,,,,,,,,,,,,,,,,,,,,,,,,,,,,,,,,,,,,,,,,,,,,,,,,,,,,,,,,,,,,,,,,,,,,,,,,,,,,,,,,,rotateRight
accX,-1.173,-0.522,1.238,-1.605,0.0,-0.715,-0.846,-1.0490000000000002,1.47,-0.965,-0.772,0.0,-0.623,-1.6669999999999998,1.288,-0.588,-0.769,0.0,0.9059999999999999,-2.251,1.4269999999999998,-0.521,-1.0759999999999998,0.0,1.321,-1.6380000000000001,1.5659999999999998,0.0,-1.4880000000000002,0.0,1.0,-1.197,1.2930000000000001,0.0,-1.614,0.0,0.0,-2.387,0.0,0.0,-1.072,-0.521,0.0,-1.675,0.0,0.0,0.0,0.0,2.1630000000000003,-1.05,0.0,0.8420000000000001,0.0,0.0,3.9960000000000004,-0.9840000000000001,0.0,1.3219999999999998,0.0,0.0,4.547,-0.87,0.0,1.685,0.0,0.0,,,,,,,,,,,,,,,,,,,,,,,,,,,,,,,,,,,,,,,,,,,,,,,,,,,,,,,,,,,,,,,,,,,,,,,,,,,,,,,,,,,,,,,,,,,,,,,,,,,,,,,,,,,,,,,,,,,,,,,,,,,,,,,,,,,,,,,,,,,,,,,,,,,,,,,,,,,,,,,,,,,,,,,,,,,,,,,,,,,,,,,,,,,,,,,,,,,,,,,,,,,,,,,,,,,,,,,,,,,,,,,,,,,,,,,,,,,,,,,,,,,,,,,,,,,,,,,,,,,,,,,,,,,,,,,,,,,,,,,,,,,,,,,,,,,,,,,,,,,,,,,,,,,,,,,,,,,,,,,,,,,,,,,,,,,,,,,,,,,,,,,,,,,,,,,,,,,,,,,,,,,,,,,,,,,,,,,,,,,,,,,,,,,,,,,,,,,,,,,,,,,,,,,,,,,,,,,rotateRight
accX,-3.925,-1.245,1.1,-1.264,0.0,0.0,-2.339,-1.127,0.0,-0.804,0.0,0.0,-1.9169999999999998,-2.352,0.0,-0.789,0.0,0.0,-1.4180000000000001,-2.421,0.0,-1.034,-0.722,0.0,-0.963,-1.504,0.524,-1.0590000000000002,-0.866,0.0,0.0,-1.165,0.654,-0.621,-0.9590000000000001,0.0,0.0,-1.3359999999999999,0.529,0.0,-0.904,0.0,0.0,-1.59,0.514,0.0,0.0,0.0,1.3780000000000001,-1.6680000000000001,0.0,0.0,0.0,0.0,2.207,-1.295,0.0,0.0,0.0,0.0,2.449,0.732,0.557,1.1059999999999999,0.0,0.0,1.104,0.0,1.058,2.315,0.0,0.575,,,,,,,,,,,,,,,,,,,,,,,,,,,,,,,,,,,,,,,,,,,,,,,,,,,,,,,,,,,,,,,,,,,,,,,,,,,,,,,,,,,,,,,,,,,,,,,,,,,,,,,,,,,,,,,,,,,,,,,,,,,,,,,,,,,,,,,,,,,,,,,,,,,,,,,,,,,,,,,,,,,,,,,,,,,,,,,,,,,,,,,,,,,,,,,,,,,,,,,,,,,,,,,,,,,,,,,,,,,,,,,,,,,,,,,,,,,,,,,,,,,,,,,,,,,,,,,,,,,,,,,,,,,,,,,,,,,,,,,,,,,,,,,,,,,,,,,,,,,,,,,,,,,,,,,,,,,,,,,,,,,,,,,,,,,,,,,,,,,,,,,,,,,,,,,,,,,,,,,,,,,,,,,,,,,,,,,,,,,,,,,,,,,,,,,,,,,,,,,,,,,,,,,,,rotateRight
accX,-3.5839999999999996,-1.124,-0.626,-0.924,0.0,-0.6759999999999999,-3.8680000000000003,-1.008,-0.546,-1.021,0.0,-0.5870000000000001,-3.614,-1.214,0.0,-0.889,0.0,0.0,-2.6889999999999996,-1.483,0.0,-0.74,-0.522,0.0,-1.712,-1.537,0.726,-0.632,-0.986,0.0,-1.6159999999999999,-1.776,0.7879999999999999,0.0,-1.17,0.0,-2.021,-2.186,0.0,0.0,-0.805,0.0,-1.268,-1.851,0.0,0.0,0.0,0.0,0.0,-1.545,0.7440000000000001,0.0,0.0,0.0,0.0,-1.314,1.045,0.0,0.0,0.0,0.836,0.0,1.314,1.3159999999999998,0.0,0.583,0.522,0.0,0.8640000000000001,2.1319999999999997,0.0,0.846,1.206,-3.0580000000000003,0.0,1.88,0.66,0.542,,,,,,,,,,,,,,,,,,,,,,,,,,,,,,,,,,,,,,,,,,,,,,,,,,,,,,,,,,,,,,,,,,,,,,,,,,,,,,,,,,,,,,,,,,,,,,,,,,,,,,,,,,,,,,,,,,,,,,,,,,,,,,,,,,,,,,,,,,,,,,,,,,,,,,,,,,,,,,,,,,,,,,,,,,,,,,,,,,,,,,,,,,,,,,,,,,,,,,,,,,,,,,,,,,,,,,,,,,,,,,,,,,,,,,,,,,,,,,,,,,,,,,,,,,,,,,,,,,,,,,,,,,,,,,,,,,,,,,,,,,,,,,,,,,,,,,,,,,,,,,,,,,,,,,,,,,,,,,,,,,,,,,,,,,,,,,,,,,,,,,,,,,,,,,,,,,,,,,,,,,,,,,,,,,,,,,,,,,,,,,,,,,,,,,,,,,,,,,,,,,,rotateRight
accX,-4.716,-0.51,-1.405,-0.996,0.0,-0.602,-4.351,0.0,-0.722,-1.1079999999999999,0.0,-0.522,-3.469,0.0,0.0,-0.9490000000000001,0.0,0.0,-2.563,-1.2009999999999998,0.0,-0.895,-0.5579999999999999,0.0,-1.808,-1.855,-0.599,-0.951,-0.899,0.0,-1.949,-1.6369999999999998,-0.775,-0.695,-0.91,0.0,-1.17,-1.129,0.0,0.0,-0.514,0.0,-0.509,-1.082,0.0,0.0,0.0,0.0,0.0,-0.755,0.62,0.0,-0.513,0.0,-0.643,-1.175,0.882,0.0,0.0,0.0,0.0,0.0,1.3090000000000002,0.9490000000000001,0.0,0.0,0.0,0.0,2.136,2.0180000000000002,0.0,0.9179999999999999,1.9080000000000001,-3.713,0.0,2.121,0.0,0.715,,,,,,,,,,,,,,,,,,,,,,,,,,,,,,,,,,,,,,,,,,,,,,,,,,,,,,,,,,,,,,,,,,,,,,,,,,,,,,,,,,,,,,,,,,,,,,,,,,,,,,,,,,,,,,,,,,,,,,,,,,,,,,,,,,,,,,,,,,,,,,,,,,,,,,,,,,,,,,,,,,,,,,,,,,,,,,,,,,,,,,,,,,,,,,,,,,,,,,,,,,,,,,,,,,,,,,,,,,,,,,,,,,,,,,,,,,,,,,,,,,,,,,,,,,,,,,,,,,,,,,,,,,,,,,,,,,,,,,,,,,,,,,,,,,,,,,,,,,,,,,,,,,,,,,,,,,,,,,,,,,,,,,,,,,,,,,,,,,,,,,,,,,,,,,,,,,,,,,,,,,,,,,,,,,,,,,,,,,,,,,,,,,,,,,,,,,,,,,,,,,,rotateRight
accX,-2.839,0.708,-1.099,0.0,0.552,-1.389,-3.623,0.647,-1.2109999999999999,0.0,0.0,-1.319,-4.4319999999999995,1.057,-0.762,0.0,0.0,-1.178,-4.362,0.698,0.0,-0.637,0.0,-0.9670000000000001,-3.8310000000000004,0.0,0.0,-0.7909999999999999,-0.607,-0.7,-4.198,0.0,-0.831,-0.833,-0.966,-0.613,-4.756,0.0,-0.981,-0.728,-0.9840000000000001,0.0,-4.47,0.0,-0.654,-0.598,-0.579,0.0,-2.83,-0.5820000000000001,0.0,0.0,0.0,0.0,-1.6,-1.1540000000000001,0.0,0.0,0.0,0.0,0.0,-1.64,0.0,0.0,0.0,0.0,0.893,-1.1540000000000001,0.655,0.0,0.0,0.0,1.018,-0.971,0.615,0.575,0.0,0.0,1.742,-1.2009999999999998,0.0,1.364,0.0,0.0,2.435,-1.122,-0.6459999999999999,1.992,0.5579999999999999,0.0,5.051,-3.0669999999999997,0.0,1.7530000000000001,0.0,0.0,,,,,,,,,,,,,,,,,,,,,,,,,,,,,,,,,,,,,,,,,,,,,,,,,,,,,,,,,,,,,,,,,,,,,,,,,,,,,,,,,,,,,,,,,,,,,,,,,,,,,,,,,,,,,,,,,,,,,,,,,,,,,,,,,,,,,,,,,,,,,,,,,,,,,,,,,,,,,,,,,,,,,,,,,,,,,,,,,,,,,,,,,,,,,,,,,,,,,,,,,,,,,,,,,,,,,,,,,,,,,,,,,,,,,,,,,,,,,,,,,,,,,,,,,,,,,,,,,,,,,,,,,,,,,,,,,,,,,,,,,,,,,,,,,,,,,,,,,,,,,,,,,,,,,,,,,,,,,,,,,,,,,,,,,,,,,,,,,,,,,,,,,,,,,,,,,,,,,,,,,,,,,,,,,,,,,,,,,,,,,,,,,rotateRight
accX,-4.0760000000000005,0.0,0.0,-0.861,0.0,-0.8140000000000001,-3.7039999999999997,-1.2429999999999999,-0.9690000000000001,-1.051,0.0,-0.7509999999999999,-3.1910000000000003,-1.797,-1.069,-1.396,0.0,-0.733,-2.865,-1.771,0.0,-1.547,-0.542,-0.581,-2.437,-1.2409999999999999,0.0,-1.19,-0.6459999999999999,0.0,-1.838,-1.4680000000000002,0.713,-0.718,-0.6709999999999999,0.0,-1.183,-1.723,1.0859999999999999,0.0,-0.7559999999999999,0.0,-0.743,-1.742,1.345,0.0,-0.885,0.0,-0.578,-1.6980000000000002,1.32,0.0,-0.915,0.0,0.0,-1.9380000000000002,1.4,0.0,-0.888,0.0,0.0,-2.214,1.2009999999999998,0.634,-0.602,0.0,0.708,-1.831,1.347,0.82,0.0,0.0,2.31,0.0,1.036,1.4340000000000002,0.0,0.0,2.406,-0.74,0.0,1.911,-0.5720000000000001,0.0,2.009,-2.1180000000000003,-1.369,1.824,0.0,0.0,,,,,,,,,,,,,,,,,,,,,,,,,,,,,,,,,,,,,,,,,,,,,,,,,,,,,,,,,,,,,,,,,,,,,,,,,,,,,,,,,,,,,,,,,,,,,,,,,,,,,,,,,,,,,,,,,,,,,,,,,,,,,,,,,,,,,,,,,,,,,,,,,,,,,,,,,,,,,,,,,,,,,,,,,,,,,,,,,,,,,,,,,,,,,,,,,,,,,,,,,,,,,,,,,,,,,,,,,,,,,,,,,,,,,,,,,,,,,,,,,,,,,,,,,,,,,,,,,,,,,,,,,,,,,,,,,,,,,,,,,,,,,,,,,,,,,,,,,,,,,,,,,,,,,,,,,,,,,,,,,,,,,,,,,,,,,,,,,,,,,,,,,,,,,,,,,,,,,,,,,,,,,,,,,,,,,,,,,,,,,,,,,,,,,,,rotateRight
accX,-3.783,0.0,-1.064,-1.0070000000000001,0.9790000000000001,-1.045,-3.995,0.551,0.0,-1.3780000000000001,0.679,-0.872,-3.6519999999999997,0.0,0.0,-1.284,0.0,-0.711,-3.66,0.0,0.0,-1.072,0.0,-0.508,-3.237,-0.69,0.0,-1.01,0.0,0.0,-3.2310000000000003,-0.585,0.0,-0.85,-0.643,0.0,-2.451,0.0,0.95,0.0,-0.6509999999999999,0.0,-1.399,-1.044,1.179,0.0,-0.7390000000000001,0.0,-0.593,-1.068,1.619,0.537,-0.91,0.0,0.0,-1.682,0.861,0.945,-0.982,0.526,0.0,-2.097,0.569,1.157,0.0,0.5539999999999999,2.526,-1.636,0.0,1.425,0.0,0.6679999999999999,3.57,-1.96,0.0,2.048,0.0,0.718,5.329,-2.528,0.0,2.103,0.0,0.0,5.2139999999999995,-4.069,-0.6709999999999999,1.82,-0.555,0.0,,,,,,,,,,,,,,,,,,,,,,,,,,,,,,,,,,,,,,,,,,,,,,,,,,,,,,,,,,,,,,,,,,,,,,,,,,,,,,,,,,,,,,,,,,,,,,,,,,,,,,,,,,,,,,,,,,,,,,,,,,,,,,,,,,,,,,,,,,,,,,,,,,,,,,,,,,,,,,,,,,,,,,,,,,,,,,,,,,,,,,,,,,,,,,,,,,,,,,,,,,,,,,,,,,,,,,,,,,,,,,,,,,,,,,,,,,,,,,,,,,,,,,,,,,,,,,,,,,,,,,,,,,,,,,,,,,,,,,,,,,,,,,,,,,,,,,,,,,,,,,,,,,,,,,,,,,,,,,,,,,,,,,,,,,,,,,,,,,,,,,,,,,,,,,,,,,,,,,,,,,,,,,,,,,,,,,,,,,,,,,,,,,,,,,,rotateRight
accX,-3.925,0.0,0.0,0.0,0.0,-0.836,-4.382,0.0,0.0,0.0,0.0,-0.664,-4.4239999999999995,0.0,0.0,-0.51,0.0,-0.601,-3.298,0.0,0.0,0.0,0.0,-0.602,-2.615,-1.661,-1.113,-0.615,-0.754,0.0,-2.86,-1.442,-0.9470000000000001,-0.759,-1.003,0.0,-3.053,-1.4340000000000002,-0.8340000000000001,-0.695,-0.76,0.0,-2.5269999999999997,-1.725,-0.958,-0.5329999999999999,0.0,0.0,-1.125,-1.848,0.0,0.0,-0.522,0.0,-0.7240000000000001,-1.5959999999999999,0.0,0.0,-0.612,0.0,0.0,-1.155,1.065,0.0,-0.645,0.0,0.0,-0.909,1.464,0.0,-0.569,0.0,0.995,0.0,0.8540000000000001,1.258,0.0,0.0,1.162,-1.103,1.385,1.659,0.0,0.664,2.8689999999999998,-2.003,0.0,1.652,0.0,0.602,4.6419999999999995,-2.365,1.476,1.62,0.0,0.0,5.199,-3.917,-0.9079999999999999,1.196,-0.679,0.0,,,,,,,,,,,,,,,,,,,,,,,,,,,,,,,,,,,,,,,,,,,,,,,,,,,,,,,,,,,,,,,,,,,,,,,,,,,,,,,,,,,,,,,,,,,,,,,,,,,,,,,,,,,,,,,,,,,,,,,,,,,,,,,,,,,,,,,,,,,,,,,,,,,,,,,,,,,,,,,,,,,,,,,,,,,,,,,,,,,,,,,,,,,,,,,,,,,,,,,,,,,,,,,,,,,,,,,,,,,,,,,,,,,,,,,,,,,,,,,,,,,,,,,,,,,,,,,,,,,,,,,,,,,,,,,,,,,,,,,,,,,,,,,,,,,,,,,,,,,,,,,,,,,,,,,,,,,,,,,,,,,,,,,,,,,,,,,,,,,,,,,,,,,,,,,,,,,,,,,,,,,,,,,,,,,,,,,,,,,rotateRight
accX,-4.242,0.0,-0.773,-1.422,0.545,-0.7240000000000001,-3.878,0.0,-0.735,-1.3090000000000002,0.0,-0.526,-3.6069999999999998,0.0,-0.6759999999999999,-1.2329999999999999,0.0,0.0,-2.943,-0.62,0.0,-1.114,0.0,0.0,-2.3609999999999998,-0.8,0.0,-0.8640000000000001,0.0,0.0,-1.811,-1.15,0.0,0.0,0.0,0.0,-1.212,-1.227,0.0,0.0,0.0,0.0,0.0,-1.5319999999999998,0.0,0.0,0.0,0.0,0.61,-1.273,0.599,0.0,0.0,0.0,0.583,-1.095,0.9740000000000001,0.5920000000000001,0.0,0.0,1.3869999999999998,-0.613,0.802,1.083,0.0,0.0,1.982,-1.429,0.0,1.5530000000000002,0.0,0.0,2.591,-2.388,0.0,1.5859999999999999,0.0,0.0,3.948,-2.225,0.508,1.3980000000000001,0.0,0.0,5.593,-2.51,0.0,1.099,0.0,0.0,,,,,,,,,,,,,,,,,,,,,,,,,,,,,,,,,,,,,,,,,,,,,,,,,,,,,,,,,,,,,,,,,,,,,,,,,,,,,,,,,,,,,,,,,,,,,,,,,,,,,,,,,,,,,,,,,,,,,,,,,,,,,,,,,,,,,,,,,,,,,,,,,,,,,,,,,,,,,,,,,,,,,,,,,,,,,,,,,,,,,,,,,,,,,,,,,,,,,,,,,,,,,,,,,,,,,,,,,,,,,,,,,,,,,,,,,,,,,,,,,,,,,,,,,,,,,,,,,,,,,,,,,,,,,,,,,,,,,,,,,,,,,,,,,,,,,,,,,,,,,,,,,,,,,,,,,,,,,,,,,,,,,,,,,,,,,,,,,,,,,,,,,,,,,,,,,,,,,,,,,,,,,,,,,,,,,,,,,,,,,,,,,,,,,,,rotateRight
accX,-2.551,-1.2690000000000001,-0.794,0.0,0.0,0.0,-2.258,-1.995,0.0,-0.733,0.0,0.0,-2.157,-2.536,0.0,-1.249,0.0,-0.573,-1.5090000000000001,-2.195,0.0,-1.5230000000000001,0.0,-0.5429999999999999,-1.699,-0.772,1.276,-1.122,-0.745,0.0,-1.882,-0.7709999999999999,1.272,-0.61,-0.815,0.0,-1.4280000000000002,-0.721,1.5219999999999998,0.0,-0.772,0.0,-0.639,-1.23,1.2890000000000001,0.0,-0.695,0.0,0.523,-1.506,1.162,0.0,-0.636,0.0,1.715,-1.225,0.9740000000000001,0.0,-0.823,0.0,2.381,-0.648,0.716,0.993,-0.841,0.0,2.665,-0.948,0.0,1.459,-0.5820000000000001,0.0,3.945,-1.165,-0.9590000000000001,1.7790000000000001,0.0,0.0,4.298,-1.976,-1.62,1.757,0.0,0.0,6.518,-2.658,-0.812,1.2109999999999999,0.0,-0.747,,,,,,,,,,,,,,,,,,,,,,,,,,,,,,,,,,,,,,,,,,,,,,,,,,,,,,,,,,,,,,,,,,,,,,,,,,,,,,,,,,,,,,,,,,,,,,,,,,,,,,,,,,,,,,,,,,,,,,,,,,,,,,,,,,,,,,,,,,,,,,,,,,,,,,,,,,,,,,,,,,,,,,,,,,,,,,,,,,,,,,,,,,,,,,,,,,,,,,,,,,,,,,,,,,,,,,,,,,,,,,,,,,,,,,,,,,,,,,,,,,,,,,,,,,,,,,,,,,,,,,,,,,,,,,,,,,,,,,,,,,,,,,,,,,,,,,,,,,,,,,,,,,,,,,,,,,,,,,,,,,,,,,,,,,,,,,,,,,,,,,,,,,,,,,,,,,,,,,,,,,,,,,,,,,,,,,,,,,,,,,,,,,,,,,,rotateRight
accX,-3.319,0.0,0.73,-1.236,0.0,0.0,-2.66,-0.7709999999999999,0.0,-0.812,0.0,0.0,-1.443,-1.926,0.0,-0.6509999999999999,-0.503,0.0,-0.589,-1.74,0.0,-0.723,-0.9570000000000001,0.0,0.0,-1.062,0.877,-0.5479999999999999,-1.3090000000000002,0.0,0.0,-0.8959999999999999,1.1059999999999999,0.0,-1.41,0.0,0.0,-1.734,0.0,0.0,-1.185,0.0,0.965,-1.135,0.0,0.0,-0.631,0.0,2.456,-0.782,0.0,0.0,0.0,0.0,3.509,-0.696,0.0,0.784,-0.5710000000000001,0.0,3.858,-0.51,-0.732,1.412,-0.638,0.0,3.315,-0.8109999999999999,-1.65,1.79,0.0,0.0,6.0329999999999995,-2.775,-1.215,1.75,0.0,0.0,8.0,-2.717,-1.599,1.14,0.0,-0.607,,,,,,,,,,,,,,,,,,,,,,,,,,,,,,,,,,,,,,,,,,,,,,,,,,,,,,,,,,,,,,,,,,,,,,,,,,,,,,,,,,,,,,,,,,,,,,,,,,,,,,,,,,,,,,,,,,,,,,,,,,,,,,,,,,,,,,,,,,,,,,,,,,,,,,,,,,,,,,,,,,,,,,,,,,,,,,,,,,,,,,,,,,,,,,,,,,,,,,,,,,,,,,,,,,,,,,,,,,,,,,,,,,,,,,,,,,,,,,,,,,,,,,,,,,,,,,,,,,,,,,,,,,,,,,,,,,,,,,,,,,,,,,,,,,,,,,,,,,,,,,,,,,,,,,,,,,,,,,,,,,,,,,,,,,,,,,,,,,,,,,,,,,,,,,,,,,,,,,,,,,,,,,,,,,,,,,,,,,,,,,,,,,,,,,,,,,,,,rotateRight
accX,-3.8369999999999997,0.0,0.0,-1.3259999999999998,0.0,0.0,-3.233,0.0,0.0,-1.284,0.0,0.0,-2.7039999999999997,0.0,0.0,-1.148,0.0,0.0,-2.1630000000000003,-0.664,0.588,-0.904,-0.679,0.0,-1.885,-0.883,0.627,-0.6559999999999999,-0.902,0.0,-1.2229999999999999,-0.71,0.877,0.0,-1.072,0.0,-1.28,-1.295,0.0,0.0,-0.8759999999999999,0.0,-0.732,-1.65,0.0,0.0,0.0,0.0,1.136,-1.171,0.578,0.0,0.0,0.0,1.561,-1.294,0.508,0.794,0.0,0.514,2.318,0.0,0.0,1.381,0.0,0.7240000000000001,2.802,-0.723,0.0,2.0469999999999997,0.0,0.743,4.243,-3.603,0.0,1.5330000000000001,0.0,0.0,6.189,-3.648,-0.985,0.758,0.0,0.0,,,,,,,,,,,,,,,,,,,,,,,,,,,,,,,,,,,,,,,,,,,,,,,,,,,,,,,,,,,,,,,,,,,,,,,,,,,,,,,,,,,,,,,,,,,,,,,,,,,,,,,,,,,,,,,,,,,,,,,,,,,,,,,,,,,,,,,,,,,,,,,,,,,,,,,,,,,,,,,,,,,,,,,,,,,,,,,,,,,,,,,,,,,,,,,,,,,,,,,,,,,,,,,,,,,,,,,,,,,,,,,,,,,,,,,,,,,,,,,,,,,,,,,,,,,,,,,,,,,,,,,,,,,,,,,,,,,,,,,,,,,,,,,,,,,,,,,,,,,,,,,,,,,,,,,,,,,,,,,,,,,,,,,,,,,,,,,,,,,,,,,,,,,,,,,,,,,,,,,,,,,,,,,,,,,,,,,,,,,,,,,,,,,,,,,,,,,,,rotateRight
accX,-2.813,-2.1719999999999997,0.0,0.0,0.0,0.0,-2.154,-3.016,0.0,-0.871,0.0,0.0,-1.276,-2.246,0.0,-1.3130000000000002,0.0,0.0,-1.3130000000000002,-1.4869999999999999,0.922,-1.217,-0.8190000000000001,0.0,-1.1079999999999999,-1.265,1.139,-0.762,-1.145,0.0,-1.5719999999999998,-1.849,0.0,0.0,-1.3019999999999998,0.0,-1.416,-2.287,0.0,0.0,-0.963,0.0,0.0,-0.825,0.0,0.0,0.0,0.0,1.112,-0.599,0.747,0.0,0.0,0.0,2.154,-1.3119999999999998,0.0,0.731,0.0,0.0,2.105,-0.9670000000000001,-0.7170000000000001,1.165,0.0,0.0,2.241,-1.416,-1.1420000000000001,1.6880000000000002,0.597,0.0,6.223,-1.864,0.0,1.5519999999999998,0.941,0.0,7.912999999999999,-2.81,0.0,1.171,0.0,-0.54,5.205,-2.134,-1.7480000000000002,0.722,-0.855,-1.193,,,,,,,,,,,,,,,,,,,,,,,,,,,,,,,,,,,,,,,,,,,,,,,,,,,,,,,,,,,,,,,,,,,,,,,,,,,,,,,,,,,,,,,,,,,,,,,,,,,,,,,,,,,,,,,,,,,,,,,,,,,,,,,,,,,,,,,,,,,,,,,,,,,,,,,,,,,,,,,,,,,,,,,,,,,,,,,,,,,,,,,,,,,,,,,,,,,,,,,,,,,,,,,,,,,,,,,,,,,,,,,,,,,,,,,,,,,,,,,,,,,,,,,,,,,,,,,,,,,,,,,,,,,,,,,,,,,,,,,,,,,,,,,,,,,,,,,,,,,,,,,,,,,,,,,,,,,,,,,,,,,,,,,,,,,,,,,,,,,,,,,,,,,,,,,,,,,,,,,,,,,,,,,,,,,,,,,,,,,,,,,,,,,,,,,rotateRight
accX,-4.864,-1.126,-0.7070000000000001,-0.8440000000000001,0.0,0.0,-4.125,-1.42,0.0,-1.128,0.0,0.0,-3.227,-1.242,0.0,-1.095,0.0,0.0,-2.427,-1.7069999999999999,0.0,-0.868,-0.647,0.0,-2.404,-1.48,0.8220000000000001,0.0,-1.034,0.0,-2.88,-2.571,0.0,0.0,-0.687,0.0,-1.808,-2.116,0.0,0.0,0.0,0.0,0.0,-1.0070000000000001,1.3559999999999999,0.0,0.0,0.0,0.0,-1.3769999999999998,1.4680000000000002,0.706,-0.5870000000000001,0.0,0.606,-1.646,0.69,0.937,-0.505,0.0,0.722,-0.807,0.0,1.6780000000000002,0.0,0.655,1.829,-0.873,1.219,2.177,0.0,0.0,5.56,-3.016,0.0,1.6159999999999999,0.0,0.0,6.349,-3.805,-0.8859999999999999,0.736,-0.879,-0.696,,,,,,,,,,,,,,,,,,,,,,,,,,,,,,,,,,,,,,,,,,,,,,,,,,,,,,,,,,,,,,,,,,,,,,,,,,,,,,,,,,,,,,,,,,,,,,,,,,,,,,,,,,,,,,,,,,,,,,,,,,,,,,,,,,,,,,,,,,,,,,,,,,,,,,,,,,,,,,,,,,,,,,,,,,,,,,,,,,,,,,,,,,,,,,,,,,,,,,,,,,,,,,,,,,,,,,,,,,,,,,,,,,,,,,,,,,,,,,,,,,,,,,,,,,,,,,,,,,,,,,,,,,,,,,,,,,,,,,,,,,,,,,,,,,,,,,,,,,,,,,,,,,,,,,,,,,,,,,,,,,,,,,,,,,,,,,,,,,,,,,,,,,,,,,,,,,,,,,,,,,,,,,,,,,,,,,,,,,,,,,,,,,,,,,,,,,,,,rotateRight
accX,-5.227,0.0,-1.328,-0.732,0.9079999999999999,-0.8220000000000001,-4.8180000000000005,-1.311,-1.375,-1.361,0.91,-0.815,-4.301,-1.088,-0.537,-1.757,0.0,-0.726,-4.06,0.0,0.0,-1.625,0.0,-0.616,-4.315,0.0,0.0,-1.0090000000000001,0.0,0.0,-3.9139999999999997,-1.295,0.0,-0.652,0.0,0.0,-2.89,-1.315,0.0,0.0,-0.5760000000000001,0.0,-2.359,-2.009,0.575,0.0,-0.7809999999999999,0.0,-1.871,-2.1919999999999997,0.8540000000000001,0.0,-0.895,0.0,-1.8659999999999999,-2.407,0.99,0.0,-0.695,0.0,-1.064,-2.323,1.162,0.0,-0.525,0.0,0.0,-2.1109999999999998,1.2890000000000001,0.679,-0.653,0.0,0.0,-1.268,1.791,1.746,0.0,0.0,1.462,-2.6210000000000004,0.654,2.1,0.0,0.521,5.586,-3.938,0.0,1.922,0.535,0.0,7.132999999999999,-4.291,-0.998,1.2790000000000001,0.0,0.0,5.962000000000001,-2.912,-1.281,0.847,-0.677,-0.8029999999999999,5.209,-1.906,-1.355,0.932,-0.545,-1.156,4.774,-1.609,-2.417,0.993,0.0,-1.284,,,,,,,,,,,,,,,,,,,,,,,,,,,,,,,,,,,,,,,,,,,,,,,,,,,,,,,,,,,,,,,,,,,,,,,,,,,,,,,,,,,,,,,,,,,,,,,,,,,,,,,,,,,,,,,,,,,,,,,,,,,,,,,,,,,,,,,,,,,,,,,,,,,,,,,,,,,,,,,,,,,,,,,,,,,,,,,,,,,,,,,,,,,,,,,,,,,,,,,,,,,,,,,,,,,,,,,,,,,,,,,,,,,,,,,,,,,,,,,,,,,,,,,,,,,,,,,,,,,,,,,,,,,,,,,,,,,,,,,,,,,,,,,,,,,,,,,,,,,,,,,,,,,,,,,,,,,,,,,,,,,,,,,,,,,,,,,,,,,,,,,,,,,,,,,,,,,,,,,,,,,,,,,rotateRight
accX,-3.8989999999999996,0.0,0.0,-1.246,0.0,-1.222,-3.952,-1.625,-0.998,-1.389,0.0,-1.236,-4.308,-1.12,0.0,-1.5759999999999998,-0.736,-0.9309999999999999,-4.2010000000000005,-0.995,0.635,-1.2990000000000002,-0.883,-0.746,-3.48,-0.965,1.203,-0.7440000000000001,-0.9159999999999999,0.0,-2.6719999999999997,-2.049,1.041,0.0,-0.995,0.0,-1.675,-2.892,0.583,0.0,-0.8240000000000001,0.0,0.0,-2.57,0.77,0.0,-0.5429999999999999,0.0,1.262,-1.8619999999999999,0.7829999999999999,0.816,-0.514,0.0,2.028,-1.504,1.44,1.412,-0.609,0.0,2.93,-2.662,0.534,1.726,-0.648,0.0,2.8710000000000004,-3.06,-1.1320000000000001,1.776,0.0,0.0,4.651,-2.69,0.0,1.639,0.0,0.0,5.746,-2.852,0.0,1.3630000000000002,-0.575,-0.732,,,,,,,,,,,,,,,,,,,,,,,,,,,,,,,,,,,,,,,,,,,,,,,,,,,,,,,,,,,,,,,,,,,,,,,,,,,,,,,,,,,,,,,,,,,,,,,,,,,,,,,,,,,,,,,,,,,,,,,,,,,,,,,,,,,,,,,,,,,,,,,,,,,,,,,,,,,,,,,,,,,,,,,,,,,,,,,,,,,,,,,,,,,,,,,,,,,,,,,,,,,,,,,,,,,,,,,,,,,,,,,,,,,,,,,,,,,,,,,,,,,,,,,,,,,,,,,,,,,,,,,,,,,,,,,,,,,,,,,,,,,,,,,,,,,,,,,,,,,,,,,,,,,,,,,,,,,,,,,,,,,,,,,,,,,,,,,,,,,,,,,,,,,,,,,,,,,,,,,,,,,,,,,,,,,,,,,,,,,,,,,,,,,,,,,,,,,,,rotateRight
accX,-5.941,0.5429999999999999,-1.064,-0.902,0.6609999999999999,-0.991,-5.917999999999999,0.0,0.0,-1.109,0.62,-0.7759999999999999,-5.032,-0.615,0.0,-1.258,0.0,-0.611,-4.0360000000000005,-1.3330000000000002,0.748,-1.3259999999999998,0.0,0.0,-3.378,-1.012,1.5330000000000001,-1.0170000000000001,-1.013,0.0,-3.2880000000000003,-1.004,1.788,0.0,-1.26,0.0,-2.458,-1.709,1.29,0.0,-1.196,0.0,-1.875,-3.872,0.0,0.0,-0.7090000000000001,0.0,0.0,-2.858,0.0,0.0,-0.562,0.0,1.305,-1.9609999999999999,1.026,0.879,-0.693,0.0,1.53,-1.791,0.0,1.3869999999999998,0.0,0.0,2.404,-2.379,0.0,1.601,0.0,0.0,2.825,-3.208,-0.7979999999999999,1.5319999999999998,0.0,0.0,4.287,-2.625,-1.091,0.9990000000000001,0.0,-0.77,,,,,,,,,,,,,,,,,,,,,,,,,,,,,,,,,,,,,,,,,,,,,,,,,,,,,,,,,,,,,,,,,,,,,,,,,,,,,,,,,,,,,,,,,,,,,,,,,,,,,,,,,,,,,,,,,,,,,,,,,,,,,,,,,,,,,,,,,,,,,,,,,,,,,,,,,,,,,,,,,,,,,,,,,,,,,,,,,,,,,,,,,,,,,,,,,,,,,,,,,,,,,,,,,,,,,,,,,,,,,,,,,,,,,,,,,,,,,,,,,,,,,,,,,,,,,,,,,,,,,,,,,,,,,,,,,,,,,,,,,,,,,,,,,,,,,,,,,,,,,,,,,,,,,,,,,,,,,,,,,,,,,,,,,,,,,,,,,,,,,,,,,,,,,,,,,,,,,,,,,,,,,,,,,,,,,,,,,,,,,,,,,,,,,,,,,,,,,rotateRight
accX,-3.5460000000000003,-1.306,1.092,-1.307,0.0,-0.688,-2.455,-1.27,0.951,-1.273,0.0,-0.586,-2.306,-1.6019999999999999,0.501,-1.021,-0.693,-0.503,-1.225,-1.685,0.9009999999999999,-0.735,-1.081,0.0,0.0,-1.125,1.4669999999999999,0.0,-1.564,0.0,0.0,-1.544,1.0959999999999999,0.0,-1.91,0.0,-0.551,-3.3160000000000003,-0.9179999999999999,0.841,-1.439,0.0,1.176,-2.012,-1.133,0.8420000000000001,0.0,0.0,2.705,-0.578,0.0,1.349,0.0,0.0,3.514,-1.942,-0.659,1.835,0.0,0.0,3.33,-2.401,-1.5759999999999998,1.8259999999999998,0.0,0.0,3.147,-3.208,-2.557,1.252,0.0,-1.0,2.997,-2.097,-2.622,0.0,0.0,-1.5630000000000002,1.6980000000000002,0.0,-1.767,0.0,0.0,-1.695,0.845,0.0,-2.209,0.0,0.0,-1.6669999999999998,0.0,0.0,-3.7060000000000004,0.0,0.0,-1.7830000000000001,-1.6740000000000002,0.0,-4.132,-0.504,0.0,-1.6540000000000001,,,,,,,,,,,,,,,,,,,,,,,,,,,,,,,,,,,,,,,,,,,,,,,,,,,,,,,,,,,,,,,,,,,,,,,,,,,,,,,,,,,,,,,,,,,,,,,,,,,,,,,,,,,,,,,,,,,,,,,,,,,,,,,,,,,,,,,,,,,,,,,,,,,,,,,,,,,,,,,,,,,,,,,,,,,,,,,,,,,,,,,,,,,,,,,,,,,,,,,,,,,,,,,,,,,,,,,,,,,,,,,,,,,,,,,,,,,,,,,,,,,,,,,,,,,,,,,,,,,,,,,,,,,,,,,,,,,,,,,,,,,,,,,,,,,,,,,,,,,,,,,,,,,,,,,,,,,,,,,,,,,,,,,,,,,,,,,,,,,,,,,,,,,,,,,,,,,,,,,,,,,,,,,,,,,,,,,,,,,rotateRight
accX,-3.678,-1.011,-0.624,-0.664,0.0,-1.042,-4.056,-0.93,-0.528,-1.053,0.0,-0.9790000000000001,-3.7510000000000003,-1.186,0.0,-1.089,0.0,-0.792,-2.265,-1.008,0.0,-0.943,0.0,-0.728,-1.732,-1.879,0.0,-0.85,-0.598,-0.703,-1.8330000000000002,-1.886,0.0,-0.875,-1.06,-0.5579999999999999,-2.335,-1.5219999999999998,0.0,-0.851,-1.225,0.0,-2.386,-0.945,0.0,-0.53,-1.069,0.0,-1.0659999999999998,0.0,1.585,0.0,-1.015,0.0,0.0,-0.523,2.282,0.867,-1.157,0.0,0.8,-2.478,0.998,0.993,-1.111,0.0,1.879,-2.295,-0.934,1.156,-0.5870000000000001,0.0,2.019,0.534,0.8290000000000001,2.383,0.0,0.7959999999999999,4.577,-2.838,0.0,2.3930000000000002,0.0,0.64,7.522,-5.567,-2.116,1.595,0.0,0.0,6.202999999999999,-4.303,-2.055,0.905,-0.503,-1.1059999999999999,,,,,,,,,,,,,,,,,,,,,,,,,,,,,,,,,,,,,,,,,,,,,,,,,,,,,,,,,,,,,,,,,,,,,,,,,,,,,,,,,,,,,,,,,,,,,,,,,,,,,,,,,,,,,,,,,,,,,,,,,,,,,,,,,,,,,,,,,,,,,,,,,,,,,,,,,,,,,,,,,,,,,,,,,,,,,,,,,,,,,,,,,,,,,,,,,,,,,,,,,,,,,,,,,,,,,,,,,,,,,,,,,,,,,,,,,,,,,,,,,,,,,,,,,,,,,,,,,,,,,,,,,,,,,,,,,,,,,,,,,,,,,,,,,,,,,,,,,,,,,,,,,,,,,,,,,,,,,,,,,,,,,,,,,,,,,,,,,,,,,,,,,,,,,,,,,,,,,,,,,,,,,,,,,,,,,,,,,,,,,,,,,rotateRight
accX,-2.531,-1.465,0.0,-1.244,0.0,-0.6629999999999999,-1.831,-1.679,0.63,-1.025,0.0,-0.51,-1.245,-1.946,0.59,-0.785,0.0,0.0,-0.759,-2.2159999999999997,0.613,-0.8,-0.7509999999999999,0.0,0.0,-1.4409999999999998,1.181,-0.7340000000000001,-1.2329999999999999,0.0,-0.778,-1.8119999999999998,0.9059999999999999,0.0,-1.4169999999999998,0.0,-0.532,-2.072,0.0,0.0,-1.056,0.0,0.0,-1.521,0.0,0.0,0.0,0.0,1.963,-1.67,0.0,0.772,0.0,0.0,3.484,-2.5869999999999997,0.0,0.792,0.0,0.0,3.1710000000000003,-1.5190000000000001,0.0,0.6559999999999999,-0.7340000000000001,0.0,1.089,-0.6890000000000001,-0.6409999999999999,1.402,0.0,0.0,2.694,-1.135,-0.7909999999999999,1.994,0.5710000000000001,0.0,5.968,-3.574,-1.4340000000000002,1.55,0.0,-0.54,4.301,-1.889,-2.133,0.5429999999999999,-0.635,-1.236,,,,,,,,,,,,,,,,,,,,,,,,,,,,,,,,,,,,,,,,,,,,,,,,,,,,,,,,,,,,,,,,,,,,,,,,,,,,,,,,,,,,,,,,,,,,,,,,,,,,,,,,,,,,,,,,,,,,,,,,,,,,,,,,,,,,,,,,,,,,,,,,,,,,,,,,,,,,,,,,,,,,,,,,,,,,,,,,,,,,,,,,,,,,,,,,,,,,,,,,,,,,,,,,,,,,,,,,,,,,,,,,,,,,,,,,,,,,,,,,,,,,,,,,,,,,,,,,,,,,,,,,,,,,,,,,,,,,,,,,,,,,,,,,,,,,,,,,,,,,,,,,,,,,,,,,,,,,,,,,,,,,,,,,,,,,,,,,,,,,,,,,,,,,,,,,,,,,,,,,,,,,,,,,,,,,,,,,,,,,,,,,,,,,,,,rotateRight
accX,-0.932,-3.156,-0.759,0.0,0.0,0.0,-1.256,-2.883,0.0,-0.982,0.0,-0.645,-1.17,-1.642,0.0,-1.051,-0.9209999999999999,-0.659,-1.355,-1.771,0.922,-0.736,-1.095,-0.509,-1.048,-1.733,0.9390000000000001,0.0,-1.176,0.0,-1.155,-2.6260000000000003,0.0,0.0,-1.105,0.0,-1.16,-2.022,0.0,0.0,-0.779,0.0,-0.617,-1.214,0.0,0.0,-0.5429999999999999,0.0,0.0,-1.01,0.875,0.0,-0.541,0.0,0.608,-1.013,1.063,0.0,-0.529,0.0,0.6890000000000001,-1.584,0.0,0.0,0.0,0.0,1.156,-1.536,0.0,0.0,0.0,0.0,1.084,0.0,0.0,0.9009999999999999,0.0,0.0,0.632,0.0,0.0,1.5390000000000001,0.0,0.0,0.682,-1.729,-1.177,1.422,0.62,0.0,2.016,-1.65,0.0,1.297,0.728,0.0,,,,,,,,,,,,,,,,,,,,,,,,,,,,,,,,,,,,,,,,,,,,,,,,,,,,,,,,,,,,,,,,,,,,,,,,,,,,,,,,,,,,,,,,,,,,,,,,,,,,,,,,,,,,,,,,,,,,,,,,,,,,,,,,,,,,,,,,,,,,,,,,,,,,,,,,,,,,,,,,,,,,,,,,,,,,,,,,,,,,,,,,,,,,,,,,,,,,,,,,,,,,,,,,,,,,,,,,,,,,,,,,,,,,,,,,,,,,,,,,,,,,,,,,,,,,,,,,,,,,,,,,,,,,,,,,,,,,,,,,,,,,,,,,,,,,,,,,,,,,,,,,,,,,,,,,,,,,,,,,,,,,,,,,,,,,,,,,,,,,,,,,,,,,,,,,,,,,,,,,,,,,,,,,,,,,,,,,,,,,,,,,,rotateRight
accX,-3.548,0.0,-1.67,-0.631,0.0,-0.6890000000000001,-4.877,0.0,-1.594,-0.9179999999999999,0.0,-0.551,-5.061,-0.722,-1.4569999999999999,-1.056,0.0,0.0,-4.315,-1.169,-0.764,-1.043,0.0,0.0,-2.859,-1.564,0.0,-0.8420000000000001,0.0,0.0,-2.269,-1.5430000000000001,0.782,-0.565,-0.642,0.0,-2.0540000000000003,-2.528,0.0,0.0,-0.759,0.0,-1.6159999999999999,-2.6010000000000004,0.0,0.0,-0.53,0.0,-0.573,-2.46,0.631,0.0,0.0,0.0,0.0,-2.07,1.18,0.0,0.0,0.0,0.0,-1.5130000000000001,1.6740000000000002,0.0,-0.5489999999999999,0.0,0.0,-1.8330000000000002,1.215,0.66,-0.53,0.0,0.6679999999999999,-1.767,0.0,0.7879999999999999,0.0,0.0,1.431,-1.052,0.0,1.104,0.0,0.0,3.111,-1.585,1.2919999999999998,1.475,0.0,0.0,3.964,-2.9989999999999997,0.0,1.52,0.0,0.0,4.303,-3.0660000000000003,-1.0390000000000001,1.1159999999999999,0.0,-0.525,,,,,,,,,,,,,,,,,,,,,,,,,,,,,,,,,,,,,,,,,,,,,,,,,,,,,,,,,,,,,,,,,,,,,,,,,,,,,,,,,,,,,,,,,,,,,,,,,,,,,,,,,,,,,,,,,,,,,,,,,,,,,,,,,,,,,,,,,,,,,,,,,,,,,,,,,,,,,,,,,,,,,,,,,,,,,,,,,,,,,,,,,,,,,,,,,,,,,,,,,,,,,,,,,,,,,,,,,,,,,,,,,,,,,,,,,,,,,,,,,,,,,,,,,,,,,,,,,,,,,,,,,,,,,,,,,,,,,,,,,,,,,,,,,,,,,,,,,,,,,,,,,,,,,,,,,,,,,,,,,,,,,,,,,,,,,,,,,,,,,,,,,,,,,,,,,,,,,,,,,,,,,,,,,,,,,,,,,,,rotateRight
accX,-3.835,-1.4269999999999998,0.0,-1.193,0.0,0.0,-2.7710000000000004,-1.839,0.0,-1.396,0.0,0.0,-2.411,-1.3230000000000002,0.556,-1.232,-0.53,0.0,-2.124,-1.895,0.0,-1.004,-0.812,0.0,-1.4469999999999998,-1.456,0.623,-0.72,-1.063,0.0,-0.946,-1.621,1.056,0.0,-1.3530000000000002,0.0,-0.875,-1.861,1.161,0.0,-1.298,0.0,-0.961,-2.3040000000000003,0.0,0.0,-0.71,0.0,0.0,-1.672,0.0,0.0,0.0,0.0,1.3159999999999998,-0.951,0.0,1.0290000000000001,0.0,0.0,0.951,-0.6629999999999999,0.7120000000000001,1.6380000000000001,0.0,0.574,1.84,-0.97,0.0,2.046,0.0,0.622,2.345,-1.35,0.0,2.197,0.0,0.0,4.441,-3.5460000000000003,-1.1540000000000001,1.444,0.0,0.0,5.745,-3.036,-1.175,0.608,0.0,-0.7020000000000001,5.047,-1.119,-1.058,0.604,0.0,-0.9740000000000001,5.022,-1.135,-1.565,0.6729999999999999,0.0,-1.161,4.315,-1.255,-1.969,0.0,0.0,-1.422,,,,,,,,,,,,,,,,,,,,,,,,,,,,,,,,,,,,,,,,,,,,,,,,,,,,,,,,,,,,,,,,,,,,,,,,,,,,,,,,,,,,,,,,,,,,,,,,,,,,,,,,,,,,,,,,,,,,,,,,,,,,,,,,,,,,,,,,,,,,,,,,,,,,,,,,,,,,,,,,,,,,,,,,,,,,,,,,,,,,,,,,,,,,,,,,,,,,,,,,,,,,,,,,,,,,,,,,,,,,,,,,,,,,,,,,,,,,,,,,,,,,,,,,,,,,,,,,,,,,,,,,,,,,,,,,,,,,,,,,,,,,,,,,,,,,,,,,,,,,,,,,,,,,,,,,,,,,,,,,,,,,,,,,,,,,,,,,,,,,,,,,,,,,,,,,,,,,,,,,,,,,,,,,,,,,,rotateRight
accX,-3.367,-1.916,-0.858,-1.069,0.0,0.0,-2.983,-1.56,0.0,-1.173,0.0,0.0,-2.511,-0.634,0.0,-0.977,0.0,0.0,-1.63,-1.196,0.0,-0.6409999999999999,-0.569,0.0,-1.7730000000000001,-2.281,-0.7829999999999999,-0.59,-0.97,0.0,-1.92,-1.9369999999999998,-0.752,-0.805,-0.8059999999999999,0.0,-1.301,-1.084,0.0,-0.672,0.0,0.0,-0.828,-0.7809999999999999,0.809,0.0,0.0,0.0,0.0,-0.907,1.057,0.0,0.0,0.0,0.0,-1.32,0.8009999999999999,0.0,0.0,0.0,0.579,-1.138,0.69,0.0,0.0,0.0,1.054,0.0,0.7879999999999999,0.89,0.0,0.575,1.76,-0.8490000000000001,0.633,1.3780000000000001,0.0,0.66,1.4069999999999998,-1.7830000000000001,0.0,1.665,0.0,0.5660000000000001,2.245,-2.738,0.0,1.47,0.0,0.0,4.077,-2.235,-0.5379999999999999,0.95,0.0,0.0,3.4360000000000004,-1.939,-0.639,0.67,0.0,0.0,,,,,,,,,,,,,,,,,,,,,,,,,,,,,,,,,,,,,,,,,,,,,,,,,,,,,,,,,,,,,,,,,,,,,,,,,,,,,,,,,,,,,,,,,,,,,,,,,,,,,,,,,,,,,,,,,,,,,,,,,,,,,,,,,,,,,,,,,,,,,,,,,,,,,,,,,,,,,,,,,,,,,,,,,,,,,,,,,,,,,,,,,,,,,,,,,,,,,,,,,,,,,,,,,,,,,,,,,,,,,,,,,,,,,,,,,,,,,,,,,,,,,,,,,,,,,,,,,,,,,,,,,,,,,,,,,,,,,,,,,,,,,,,,,,,,,,,,,,,,,,,,,,,,,,,,,,,,,,,,,,,,,,,,,,,,,,,,,,,,,,,,,,,,,,,,,,,,,,,,,,,,,,,,,,,,,,,,,,,rotateRight
accX,-0.7170000000000001,-3.266,0.0,-0.602,0.0,0.0,0.0,-2.9389999999999996,0.0,-0.78,0.0,-0.741,0.0,-2.79,0.0,-0.9259999999999999,-0.823,-0.86,-0.9109999999999999,-1.419,0.0,-0.8390000000000001,-0.965,-0.8170000000000001,-1.601,-1.053,0.0,-0.596,-0.787,-0.563,-1.061,-0.799,0.0,0.0,-0.665,0.0,-0.643,-1.263,0.0,0.0,-0.574,0.0,-0.569,-0.878,0.63,0.0,0.0,0.0,0.0,0.0,0.585,0.696,0.0,0.0,0.0,0.0,-0.872,1.7890000000000001,0.0,0.6629999999999999,-0.653,-1.1340000000000001,-1.02,1.964,1.167,0.578,4.946000000000001,-3.093,-0.706,1.255,0.597,0.0,5.452999999999999,-4.047,-1.416,0.0,-0.615,-0.8370000000000001,2.265,-1.153,-0.892,0.0,0.0,-1.1079999999999999,2.8169999999999997,-0.9890000000000001,0.0,0.87,0.0,-1.033,3.193,-2.434,-1.5290000000000001,0.596,0.0,-1.3869999999999998,,,,,,,,,,,,,,,,,,,,,,,,,,,,,,,,,,,,,,,,,,,,,,,,,,,,,,,,,,,,,,,,,,,,,,,,,,,,,,,,,,,,,,,,,,,,,,,,,,,,,,,,,,,,,,,,,,,,,,,,,,,,,,,,,,,,,,,,,,,,,,,,,,,,,,,,,,,,,,,,,,,,,,,,,,,,,,,,,,,,,,,,,,,,,,,,,,,,,,,,,,,,,,,,,,,,,,,,,,,,,,,,,,,,,,,,,,,,,,,,,,,,,,,,,,,,,,,,,,,,,,,,,,,,,,,,,,,,,,,,,,,,,,,,,,,,,,,,,,,,,,,,,,,,,,,,,,,,,,,,,,,,,,,,,,,,,,,,,,,,,,,,,,,,,,,,,,,,,,,,,,,,,,,,,,,,,,,,,,,,,,,,,rotateRight
accX,-6.27,0.0,-0.9690000000000001,-1.249,0.632,-0.508,-5.394,-1.034,-0.6409999999999999,-1.521,0.0,0.0,-4.482,-0.846,-0.503,-1.065,0.0,0.0,-2.5789999999999997,-2.22,0.0,-0.8220000000000001,0.0,0.0,-1.9269999999999998,-2.502,0.0,-0.687,-0.8909999999999999,0.0,-2.327,-2.838,0.0,-0.532,-1.117,0.0,-2.06,-2.739,0.0,0.0,-0.755,0.0,-0.7559999999999999,-2.276,0.0,0.0,0.0,0.0,0.0,-1.845,0.6779999999999999,0.0,0.0,0.0,0.0,-1.386,1.0859999999999999,0.828,0.0,0.51,0.0,-0.725,0.667,1.72,0.0,0.963,0.9390000000000001,-2.656,1.1320000000000001,2.374,0.619,1.041,4.907,-4.008,0.0,1.876,0.547,0.0,4.385,-3.279,0.711,0.996,-0.573,0.0,2.963,-1.21,0.622,0.633,-0.794,-0.6759999999999999,3.448,-1.3619999999999999,0.0,1.014,0.0,-0.687,4.2410000000000005,-2.036,-1.244,1.062,0.0,-0.877,4.407,-1.463,-2.374,0.685,0.0,-1.2830000000000001,,,,,,,,,,,,,,,,,,,,,,,,,,,,,,,,,,,,,,,,,,,,,,,,,,,,,,,,,,,,,,,,,,,,,,,,,,,,,,,,,,,,,,,,,,,,,,,,,,,,,,,,,,,,,,,,,,,,,,,,,,,,,,,,,,,,,,,,,,,,,,,,,,,,,,,,,,,,,,,,,,,,,,,,,,,,,,,,,,,,,,,,,,,,,,,,,,,,,,,,,,,,,,,,,,,,,,,,,,,,,,,,,,,,,,,,,,,,,,,,,,,,,,,,,,,,,,,,,,,,,,,,,,,,,,,,,,,,,,,,,,,,,,,,,,,,,,,,,,,,,,,,,,,,,,,,,,,,,,,,,,,,,,,,,,,,,,,,,,,,,,,,,,,,,,,,,,,,,,,,,,,,,,,,,,,,,rotateRight
accX,-3.846,0.0,-2.213,0.0,1.064,-1.393,-4.678,0.0,-2.022,-1.085,0.743,-1.3969999999999998,-5.886,0.0,-1.399,-1.5519999999999998,0.0,-1.306,-5.922000000000001,0.0,-1.163,-1.5530000000000002,0.0,-1.04,-5.492000000000001,0.0,-0.7759999999999999,-1.194,0.0,-0.59,-4.697,-1.27,-0.682,-0.713,0.0,0.0,-3.9189999999999996,-2.398,-1.117,0.0,0.0,0.0,-3.1439999999999997,-2.9819999999999998,-1.1840000000000002,0.0,0.0,0.0,-2.467,-2.7889999999999997,-0.585,0.0,0.0,0.0,-2.1430000000000002,-2.909,0.0,0.0,-0.523,0.0,-2.231,-2.55,0.0,0.0,-0.51,0.0,-1.6640000000000001,-2.407,0.953,0.0,-0.54,0.0,-1.214,-2.06,1.575,0.0,-0.634,0.0,0.0,-1.281,1.953,0.649,-0.8109999999999999,0.5379999999999999,-0.627,-1.169,1.37,1.27,-0.653,0.774,0.0,-1.403,0.0,1.7590000000000001,0.0,0.963,1.36,-1.143,1.885,2.244,0.0,0.945,5.162999999999999,-3.488,0.919,1.8519999999999999,-0.525,0.0,5.778,-3.988,-0.5489999999999999,1.083,-1.032,0.0,4.401,-2.785,-1.348,0.795,-0.71,-0.7559999999999999,,,,,,,,,,,,,,,,,,,,,,,,,,,,,,,,,,,,,,,,,,,,,,,,,,,,,,,,,,,,,,,,,,,,,,,,,,,,,,,,,,,,,,,,,,,,,,,,,,,,,,,,,,,,,,,,,,,,,,,,,,,,,,,,,,,,,,,,,,,,,,,,,,,,,,,,,,,,,,,,,,,,,,,,,,,,,,,,,,,,,,,,,,,,,,,,,,,,,,,,,,,,,,,,,,,,,,,,,,,,,,,,,,,,,,,,,,,,,,,,,,,,,,,,,,,,,,,,,,,,,,,,,,,,,,,,,,,,,,,,,,,,,,,,,,,,,,,,,,,,,,,,,,,,,,,,,,,,,,,,,,,,,,,,,,,,,,,,,,,,,,,,,,,,,,,,,,,,,,,,,rotateRight
accX,-4.169,-1.808,-1.054,-1.3659999999999999,0.0,-0.6679999999999999,-3.792,-1.4340000000000002,-0.524,-1.197,0.0,-0.505,-3.5639999999999996,-1.695,0.0,-0.8690000000000001,0.0,0.0,-2.727,-2.468,0.0,-0.55,0.0,0.0,-0.862,-2.7119999999999997,0.0,0.0,0.0,0.0,0.0,-2.716,0.0,0.0,0.0,0.0,-0.643,-2.347,0.0,0.0,0.0,0.0,-0.89,-1.9180000000000001,0.0,0.0,0.0,0.0,-0.728,-1.686,0.0,0.0,0.0,0.0,0.0,-1.5319999999999998,0.525,0.0,0.0,0.0,0.0,-1.7409999999999999,0.0,0.0,0.0,0.0,0.0,-1.597,0.0,0.0,0.0,0.0,0.0,-1.228,0.0,0.0,0.0,0.0,0.0,-1.198,0.0,0.0,0.0,0.0,0.0,-1.064,0.0,0.0,0.0,0.0,0.0,-0.6859999999999999,0.0,0.0,0.0,0.0,0.0,-1.018,0.0,0.0,0.0,0.0,0.0,-1.222,0.0,0.0,0.0,0.0,0.0,-1.331,0.0,0.0,0.0,0.0,0.0,-1.207,-0.6579999999999999,0.0,0.0,0.0,0.0,-0.862,-0.7040000000000001,0.0,0.0,0.0,-0.608,0.0,-0.563,0.0,0.0,0.0,-0.5579999999999999,0.0,0.0,0.0,0.0,0.0,0.0,0.0,0.0,0.0,0.0,0.0,0.0,0.0,0.0,0.0,0.0,0.0,0.0,0.0,0.0,0.0,0.0,0.0,0.501,-0.522,-0.682,0.0,0.0,0.0,0.0,0.0,-0.645,0.0,0.0,0.0,0.0,0.0,-0.726,0.0,0.0,0.0,0.0,0.0,-0.5760000000000001,0.0,0.0,0.0,0.0,0.0,-0.669,0.0,0.0,0.0,0.0,0.0,-0.602,0.0,0.0,0.0,0.0,0.0,0.0,0.0,0.0,0.0,0.0,0.0,0.0,0.0,0.0,0.0,0.0,0.0,0.0,0.0,0.0,0.0,0.0,0.0,0.0,0.0,0.0,0.0,0.0,0.0,0.0,0.0,0.0,0.0,0.6679999999999999,-0.7829999999999999,0.0,0.0,0.0,0.0,0.8059999999999999,-0.616,0.0,0.0,0.0,0.0,0.0,0.0,0.0,0.0,0.0,0.0,0.0,0.0,0.0,0.0,0.0,0.0,,,,,,,,,,,,,,,,,,,,,,,,,,,,,,,,,,,,,,,,,,,,,,,,,,,,,,,,,,,,,,,,,,,,,,,,,,,,,,,,,,,,,,,,,,,,,,,,,,,,,,,,,,,,,,,,,,,,,,,,,,,,,,,,,,,,,,,,,,,,,,,,,,,,,,,,,,,,,,,,,,,,,,,,,,,,,,,,,,,,,,,,,,,,,,,,,,,,,,,,,,,,,,,,,,,,,,,,,,,,,,,,,,,,,,,,,,,rotateRight
